Host,entertainment,tech/science,news/press,politics/government/law,education/research,business/finance,sports,health/medical
27997,0.28618836402893066,0.0871598869562149,0.04907204210758209,0.08974852412939072,0.08499500900506973,0.31661343574523926,0.03507243096828461,0.05115032196044922
9316,0.26593121886253357,0.12006054818630219,0.046623583883047104,0.09288626909255981,0.10271967947483063,0.2848377525806427,0.03582961857318878,0.051111362874507904
27045,0.2728748321533203,0.10584000498056412,0.047230616211891174,0.09199756383895874,0.0961061641573906,0.2988523244857788,0.035906802862882614,0.05119164288043976
19805,0.2795601189136505,0.09673032909631729,0.048328254371881485,0.08957530558109283,0.08991086483001709,0.3091179132461548,0.03578110411763191,0.050996165722608566
26580,0.26011404395103455,0.1250057816505432,0.045572564005851746,0.0941309779882431,0.10666177421808243,0.28154319524765015,0.03596755117177963,0.0510040819644928
16886,0.275112122297287,0.10275803506374359,0.047690704464912415,0.0905524417757988,0.0936201810836792,0.30326586961746216,0.035969078540802,0.05103152245283127
27931,0.23880000412464142,0.1599055677652359,0.04270767793059349,0.09631823003292084,0.12353130429983139,0.2531560957431793,0.03552259877324104,0.05005853995680809
8977,0.2864777445793152,0.09252241253852844,0.049721017479896545,0.08896011859178543,0.08608478307723999,0.309582382440567,0.035624079406261444,0.051027484238147736
20285,0.2803694009780884,0.0951453298330307,0.048262760043144226,0.09068918228149414,0.08984053879976273,0.30899250507354736,0.0354914627969265,0.051208723336458206
2427,0.28743815422058105,0.08892913907766342,0.0493440255522728,0.0889357477426529,0.0850464329123497,0.31382036209106445,0.035307902842760086,0.051178183406591415
1324,0.23814484477043152,0.16084052622318268,0.04260445386171341,0.09619485586881638,0.12391229718923569,0.25271210074424744,0.03560088202357292,0.049989961087703705
25006,0.2823844850063324,0.09134892374277115,0.04848717898130417,0.09061535447835922,0.08789902925491333,0.3127838373184204,0.03527848795056343,0.05120265483856201
13134,0.2785074710845947,0.09742432832717896,0.04797236621379852,0.09117519855499268,0.09136199206113815,0.3067379593849182,0.03558649867773056,0.05123422294855118
11834,0.26961904764175415,0.1101284772157669,0.04686079919338226,0.09294319897890091,0.09880118072032928,0.2947238087654114,0.03570391982793808,0.05121954157948494
19930,0.1735396385192871,0.2804219722747803,0.032556671649217606,0.09564757347106934,0.16935914754867554,0.17340436577796936,0.03127385675907135,0.04379664361476898
12212,0.2859024107456207,0.08786645531654358,0.04904294013977051,0.08960817754268646,0.08528792858123779,0.3160151243209839,0.03513618931174278,0.05114082247018814
14062,0.19605179131031036,0.23652991652488708,0.03631655126810074,0.09594908356666565,0.15369784832000732,0.20161205530166626,0.03353791683912277,0.04630468413233757
18965,0.2625912129878998,0.12194500863552094,0.045493267476558685,0.09893959760665894,0.10812881588935852,0.2763233780860901,0.0346524715423584,0.051926225423812866
10744,0.28387314081192017,0.09188276529312134,0.04880611598491669,0.0899343192577362,0.08743462711572647,0.3115047812461853,0.03535698354244232,0.051207393407821655
20664,0.2815520167350769,0.09434325248003006,0.048446666449308395,0.09057720750570297,0.08920815587043762,0.3091890215873718,0.035447634756565094,0.05123601853847504
17021,0.28316551446914673,0.0929606556892395,0.048687513917684555,0.08993764221668243,0.08800607919692993,0.31056299805641174,0.03547830134630203,0.05120129883289337
8212,0.29239416122436523,0.0815468579530716,0.04983412101864815,0.08949066698551178,0.08145364373922348,0.31939128041267395,0.03457765281200409,0.05131164938211441
20736,0.278653621673584,0.09771417826414108,0.04802160710096359,0.09095938503742218,0.09132610261440277,0.3064877390861511,0.03561859205365181,0.05121877044439316
11963,0.2872614562511444,0.08745647966861725,0.04927460476756096,0.08927078545093536,0.08465912193059921,0.3157790005207062,0.03514525666832924,0.051153335720300674
12970,0.3120931386947632,0.06175762787461281,0.0516774021089077,0.08972062170505524,0.0697077289223671,0.3310225009918213,0.03231431916356087,0.05170668289065361
19053,0.2825911045074463,0.09102758765220642,0.04853016883134842,0.09052470326423645,0.08768308907747269,0.3131971061229706,0.03525931388139725,0.05118683725595474
20877,0.279737263917923,0.0961708277463913,0.04817378148436546,0.09078285098075867,0.09041784703731537,0.30795904994010925,0.03554423898458481,0.05121414363384247
6688,0.2768710255622864,0.10042250901460648,0.04794606938958168,0.09016971290111542,0.09218071401119232,0.3054932951927185,0.035892944782972336,0.05102383345365524
1485,5.700284236809239e-05,0.9563316106796265,1.7821679648477584e-05,0.0008065020083449781,0.042578861117362976,3.0822866392554715e-05,7.787071081111208e-05,9.969394886866212e-05
9915,0.23568972945213318,0.16514813899993896,0.0422658696770668,0.09628638625144958,0.12577681243419647,0.24948418140411377,0.035521745681762695,0.04982715845108032
2785,0.28809720277786255,0.08700481802225113,0.049393899738788605,0.08915407955646515,0.08426953852176666,0.3157787621021271,0.03511922061443329,0.051182493567466736
20128,0.27857962250709534,0.09762189537286758,0.04800299555063248,0.09116841852664948,0.0913977175951004,0.30640745162963867,0.03558675944805145,0.0512351393699646
12295,0.2768232226371765,0.100850410759449,0.04810805991292,0.0888904333114624,0.09151769429445267,0.30682888627052307,0.03618241846561432,0.05079891160130501
14567,0.29372480511665344,0.08193932473659515,0.05003436654806137,0.08904622495174408,0.08119773864746094,0.3180276155471802,0.03466779366135597,0.05136217549443245
25052,0.28089573979377747,0.09474872797727585,0.04835621640086174,0.09089194238185883,0.08966177701950073,0.3088094890117645,0.03537924215197563,0.05125690996646881
25689,0.2800127863883972,0.09505273401737213,0.04819314926862717,0.0908455103635788,0.08995585143566132,0.3092566728591919,0.035479169338941574,0.051204144954681396
18873,0.2790144383907318,0.09607157111167908,0.04801033437252045,0.09124350547790527,0.09075163304805756,0.30815476179122925,0.0355171374976635,0.051236651837825775
18451,0.2673892378807068,0.11775776743888855,0.04681015759706497,0.09250445663928986,0.10143440216779709,0.28711310029029846,0.0358816534280777,0.0511091947555542
8422,0.287642240524292,0.08550284802913666,0.049263399094343185,0.08966074883937836,0.08400122076272964,0.317830353975296,0.03493274748325348,0.051166437566280365
9199,0.22331355512142181,0.18650570511817932,0.040388356894254684,0.09751391410827637,0.13556449115276337,0.23282591998577118,0.03483590483665466,0.04905217885971069
9941,0.24504272639751434,0.15004560351371765,0.043678514659404755,0.09509625285863876,0.1183016374707222,0.2617109417915344,0.0358385369181633,0.05028587579727173
20517,0.2779887318611145,0.09943322092294693,0.047956597059965134,0.09092235565185547,0.09208619594573975,0.30467167496681213,0.035720523446798325,0.05122067779302597
12718,0.27686962485313416,0.09969913959503174,0.04778560250997543,0.09159871935844421,0.09277577698230743,0.3044480085372925,0.035571932792663574,0.05125110596418381
1681,0.27787166833877563,0.0985683873295784,0.047825656831264496,0.09196490049362183,0.0924217477440834,0.30453717708587646,0.03544396534562111,0.051366500556468964
4828,0.2714729607105255,0.1080552190542221,0.047121334820985794,0.09273327887058258,0.0975300744175911,0.2961663603782654,0.03565201535820961,0.05126871541142464
22986,0.28136950731277466,0.09361587464809418,0.04873436316847801,0.08931941539049149,0.08800352364778519,0.31242167949676514,0.03564523532986641,0.05089038610458374
423,0.29924407601356506,0.07667863368988037,0.050719887018203735,0.08904865384101868,0.07800504565238953,0.32067322731018066,0.034143153578042984,0.0514872707426548
19294,0.39118602871894836,0.0077282446436584,0.05175959691405296,0.0967021957039833,0.024151870980858803,0.3638193607330322,0.01613103225827217,0.04852168634533882
6354,0.24139051139354706,0.15582013130187988,0.043085165321826935,0.09592632204294205,0.12148626893758774,0.25645866990089417,0.03565801680088043,0.05017484724521637
4086,0.3204002380371094,0.07336557656526566,0.05493966117501259,0.0875023826956749,0.07044025510549545,0.3086753487586975,0.03330725058913231,0.05136941373348236
3146,0.3087500333786011,0.06510311365127563,0.051426567137241364,0.08967939019203186,0.07171091437339783,0.3289377987384796,0.03273318335413933,0.05165897309780121
8759,0.24334633350372314,0.15222828090190887,0.04333580657839775,0.09597857296466827,0.12001590430736542,0.25910818576812744,0.035670772194862366,0.0503162182867527
1358,0.2728748321533203,0.10584000498056412,0.047230616211891174,0.09199756383895874,0.0961061641573906,0.2988523244857788,0.035906802862882614,0.05119164288043976
8466,0.24427272379398346,0.05510929971933365,0.042195286601781845,0.11668884009122849,0.08094161748886108,0.3798469305038452,0.0288662388920784,0.052079010754823685
12664,0.2508939802646637,0.14223791658878326,0.04452884942293167,0.09470238536596298,0.11426622420549393,0.26693758368492126,0.03584526851773262,0.05058782547712326
13113,0.258065789937973,0.12834836542606354,0.04533495008945465,0.09448081254959106,0.10836568474769592,0.27857017517089844,0.035878024995326996,0.05095616728067398
24532,0.2804124355316162,0.09527208656072617,0.04825931042432785,0.09067893028259277,0.08987031877040863,0.3087730407714844,0.03552168607711792,0.051212139427661896
26881,0.28550058603286743,0.09008389711380005,0.04901484027504921,0.0895310491323471,0.0862022191286087,0.31314659118652344,0.03532908856868744,0.05119164288043976
20970,0.1934574991464615,0.24152876436710358,0.03590933978557587,0.09576494991779327,0.15538464486598969,0.19858315587043762,0.03335939347743988,0.04601230472326279
5951,0.281636506319046,0.09272222220897675,0.04840441048145294,0.09064815938472748,0.08861750364303589,0.3114078640937805,0.0353572778403759,0.05120604857802391
2547,0.27084219455718994,0.10886143147945404,0.04723326489329338,0.09041844308376312,0.09654352068901062,0.2989754378795624,0.03627479076385498,0.05085090920329094
254,0.2815777063369751,0.09540392458438873,0.048484623432159424,0.09015148878097534,0.0893881618976593,0.30819153785705566,0.03558940812945366,0.051213108003139496
9824,0.2886107861995697,0.08448237180709839,0.049392085522413254,0.08966806530952454,0.0833890438079834,0.31843507289886475,0.03483602777123451,0.051186542958021164
27314,0.28923389315605164,0.08717487752437592,0.04960404708981514,0.08879877626895905,0.0839291363954544,0.3148851990699768,0.03516678884625435,0.051207296550273895
13643,0.2672169506549835,0.11517560482025146,0.04662967473268509,0.09354682266712189,0.10129846632480621,0.2892467975616455,0.03565134480595589,0.05123424530029297
7998,0.27857962250709534,0.09762189537286758,0.04800299555063248,0.09116841852664948,0.0913977175951004,0.30640745162963867,0.03558675944805145,0.0512351393699646
6742,0.26650187373161316,0.11577391624450684,0.04643702134490013,0.09310293197631836,0.10157065093517303,0.2895297408103943,0.03592798858880997,0.051155947148799896
25525,0.2500231862068176,0.1446557641029358,0.04392668977379799,0.10008113831281662,0.11882554739713669,0.25655144453048706,0.03453797101974487,0.051398228853940964
26065,0.2902250587940216,0.08532266318798065,0.04971004277467728,0.08905604481697083,0.0831134244799614,0.3163638114929199,0.03497699275612831,0.05123193562030792
997,0.3910840153694153,0.01368018053472042,0.05676613003015518,0.08290162682533264,0.02853592298924923,0.35804927349090576,0.02064320258796215,0.04833959415555
12263,0.2853713035583496,0.09281796962022781,0.04955456405878067,0.08894170820713043,0.08645064383745193,0.3102361261844635,0.035643160343170166,0.050984688103199005
61,0.2812936007976532,0.09387513995170593,0.04836663976311684,0.09063467383384705,0.08912476897239685,0.3100403845310211,0.035445597022771835,0.051219262182712555
25885,0.11039562523365021,0.42095810174942017,0.021611619740724564,0.08368127048015594,0.20208334922790527,0.1037958413362503,0.023923370987176895,0.03355088084936142
2671,0.2728748321533203,0.10584000498056412,0.047230616211891174,0.09199756383895874,0.0961061641573906,0.2988523244857788,0.035906802862882614,0.05119164288043976
10244,0.08351074159145355,0.5043256282806396,0.017133468762040138,0.06919068098068237,0.20119071006774902,0.0771157443523407,0.020344680175185204,0.02718835137784481
11011,0.2639670670032501,0.12255679816007614,0.04633447900414467,0.09315204620361328,0.10415134578943253,0.2829029858112335,0.035882677882909775,0.05105254054069519
346,0.2937363088130951,0.0795009583234787,0.04980342835187912,0.09020037949085236,0.08082414418458939,0.32015660405158997,0.03430655226111412,0.05147172138094902
21405,0.27918562293052673,0.09680283814668655,0.04809115454554558,0.09093566238880157,0.09085212647914886,0.3073427081108093,0.035567302256822586,0.051222458481788635
20226,0.28850194811820984,0.08594512939453125,0.04943859949707985,0.08930125087499619,0.08379483222961426,0.3168286979198456,0.03500610217452049,0.051183395087718964
24838,0.2848433256149292,0.08862753957509995,0.048258617520332336,0.09415575861930847,0.08853566646575928,0.3091983497142792,0.03444521129131317,0.051935501396656036
5742,0.28484299778938293,0.09178905189037323,0.048963505774736404,0.08935225754976273,0.08689936250448227,0.3114887475967407,0.0354844331741333,0.051179710775613785
4758,0.287663996219635,0.08966429531574249,0.04942604526877403,0.08864161372184753,0.08511899411678314,0.31293439865112305,0.03538910672068596,0.05116155743598938
15401,0.18987293541431427,0.2510540783405304,0.03557269647717476,0.093642458319664,0.1562507450580597,0.19495123624801636,0.03333957865834236,0.04531629756093025
10797,0.2818463146686554,0.09173466265201569,0.04838167876005173,0.09082691371440887,0.08824291080236435,0.3124452233314514,0.03530985862016678,0.05121251940727234
21942,0.284397691488266,0.08953407406806946,0.0487951934337616,0.0901109129190445,0.08649880439043045,0.314253032207489,0.03522226959466934,0.05118800699710846
23539,0.27218878269195557,0.10905579477548599,0.04730047285556793,0.09181636571884155,0.09720852971076965,0.2953640818595886,0.03586365655064583,0.05120226368308067
4098,0.2825028598308563,0.0944400206208229,0.04862576350569725,0.090018630027771,0.08873483538627625,0.30891236662864685,0.03555413708090782,0.05121134966611862
18289,0.27857962250709534,0.09762189537286758,0.04800299555063248,0.09116841852664948,0.0913977175951004,0.30640745162963867,0.03558675944805145,0.0512351393699646
15969,0.253741979598999,0.1357506364583969,0.04477591812610626,0.09483230113983154,0.11187352240085602,0.2723408341407776,0.035907238721847534,0.05077763646841049
3905,0.2728748321533203,0.10584000498056412,0.047230616211891174,0.09199756383895874,0.0961061641573906,0.2988523244857788,0.035906802862882614,0.05119164288043976
21989,0.27402353286743164,0.1049676388502121,0.047431278973817825,0.09194469451904297,0.09550747275352478,0.2991207242012024,0.035742051899433136,0.05126265436410904
26547,0.29420363903045654,0.080049067735672,0.049583036452531815,0.09259932488203049,0.08229634165763855,0.31539055705070496,0.03393867239356041,0.05193936452269554
25153,0.27615344524383545,0.10094350576400757,0.04768788442015648,0.09177246689796448,0.09349049627780914,0.30307337641716003,0.03561040759086609,0.05126853287220001
9706,0.27044805884361267,0.10909098386764526,0.04683418199419975,0.09379096329212189,0.09883236885070801,0.294059693813324,0.03553434833884239,0.05140937864780426
11655,0.27111849188804626,0.10863593220710754,0.04705802723765373,0.09256654977798462,0.09776439517736435,0.2958708703517914,0.035744380205869675,0.05124124512076378
10887,0.27827978134155273,0.0971621572971344,0.04792827367782593,0.09120313823223114,0.09131047129631042,0.30731868743896484,0.035588644444942474,0.05120880901813507
19087,0.2862030267715454,0.08714534342288971,0.04906153678894043,0.08979809284210205,0.0850159227848053,0.3165530562400818,0.035065289586782455,0.051157642155885696
22570,0.2832350730895996,0.0945071429014206,0.04878487437963486,0.08957669138908386,0.08837814629077911,0.30873316526412964,0.035591963678598404,0.0511929877102375
16588,0.2709219753742218,0.10975438356399536,0.047074995934963226,0.09261440485715866,0.09817034006118774,0.2944696843624115,0.03574233502149582,0.051252011209726334
19524,0.28899112343788147,0.0851532593369484,0.04947973042726517,0.08939792215824127,0.08347345888614655,0.3173789083957672,0.03492530435323715,0.05120031163096428
27327,0.2870856523513794,0.08732642233371735,0.049223095178604126,0.08941090106964111,0.0847196951508522,0.31594642996788025,0.03512713685631752,0.05116066709160805
9802,0.2814231216907501,0.09586319327354431,0.048732805997133255,0.08853767812252045,0.08854462206363678,0.3100953996181488,0.03589727729558945,0.05090589448809624
15658,0.2806800603866577,0.09654766321182251,0.04834864288568497,0.09042142331600189,0.09014250338077545,0.3069940209388733,0.03563616797327995,0.05122949555516243
26686,0.34859123826026917,0.03108682669699192,0.04637731611728668,0.15529118478298187,0.06767570972442627,0.269497811794281,0.020281028002500534,0.061198942363262177
27649,0.29020413756370544,0.08516734838485718,0.049701202660799026,0.0891065001487732,0.08308526873588562,0.31655070185661316,0.03495626896619797,0.05122855305671692
21404,0.16228841245174408,0.2974734306335449,0.029985539615154266,0.10231247544288635,0.18309880793094635,0.15309932827949524,0.028483381494879723,0.04325852915644646
4928,0.2859213352203369,0.0874009057879448,0.049018148332834244,0.08983291685581207,0.08521576970815659,0.3163784444332123,0.035065725445747375,0.051166802644729614
8701,0.2578965425491333,0.13221269845962524,0.045549750328063965,0.09377872943878174,0.1089409813284874,0.2748940587043762,0.03588639944791794,0.050840772688388824
9444,0.2870807349681854,0.08662465214729309,0.0491914302110672,0.08961106091737747,0.08453743904829025,0.3167395293712616,0.03504790738224983,0.05116724222898483
21570,0.3321894109249115,0.04218948259949684,0.05357088893651962,0.09083414077758789,0.05654774606227875,0.344312846660614,0.028995465487241745,0.051359958946704865
6154,0.2660082280635834,0.11876533925533295,0.04654394090175629,0.0930229127407074,0.10244853794574738,0.2862139940261841,0.03586446866393089,0.05113257095217705
10861,0.27048978209495544,0.10947991162538528,0.04709301143884659,0.09140925109386444,0.0974634513258934,0.29699334502220154,0.036056406795978546,0.05101495236158371
10233,0.2772773504257202,0.10092191398143768,0.04794488102197647,0.09144489467144012,0.09298260509967804,0.30260100960731506,0.03554605692625046,0.05128132179379463
6066,0.27642518281936646,0.10356501489877701,0.04778929427266121,0.09222780168056488,0.09462271630764008,0.29848015308380127,0.035444363951683044,0.051445502787828445
18155,0.281637579202652,0.09603879600763321,0.04852976277470589,0.09010741114616394,0.08957566320896149,0.307267963886261,0.03562093526124954,0.05122188478708267
6871,0.2680974304676056,0.11423323303461075,0.04655834287405014,0.09678089618682861,0.10268774628639221,0.28516149520874023,0.03468670696020126,0.0517941378057003
3553,0.2838178277015686,0.09338405728340149,0.04906623810529709,0.08898358047008514,0.08724648505449295,0.3108809292316437,0.03563430532813072,0.050986550748348236
16463,0.32354381680488586,0.04279368370771408,0.051790036261081696,0.09297861158847809,0.05920954421162605,0.3493501842021942,0.028791841119527817,0.05154235661029816
25967,0.28130102157592773,0.09629882872104645,0.04849999025464058,0.09041038155555725,0.08987918496131897,0.3068484365940094,0.03550509735941887,0.05125708132982254
15172,0.254279762506485,0.13501538336277008,0.045076884329319,0.09287196397781372,0.1101367250084877,0.27583134174346924,0.036308880895376205,0.05047900974750519
2591,0.23543328046798706,0.16485948860645294,0.04218466579914093,0.09655116498470306,0.12598492205142975,0.24962778389453888,0.03550960123538971,0.049849141389131546
12863,0.3004242181777954,0.07122421264648438,0.050545692443847656,0.09014865010976791,0.07601044327020645,0.3267028331756592,0.0334458164870739,0.05149810016155243
8090,0.6784839630126953,6.390502562680922e-07,0.03889668732881546,0.027996961027383804,6.745906284777448e-05,0.23817193508148193,0.0005193413235247135,0.015863075852394104
21348,0.2825200855731964,0.09256848692893982,0.04843102768063545,0.09128965437412262,0.08877824246883392,0.30980685353279114,0.03522723168134689,0.05137838050723076
21588,0.28237390518188477,0.09144575893878937,0.04846787825226784,0.09066218137741089,0.0879821628332138,0.31256434321403503,0.03528599068522453,0.05121760070323944
23497,0.28061532974243164,0.09422510117292404,0.048146430402994156,0.09157686680555344,0.0899905115365982,0.30879124999046326,0.035298384726047516,0.05135611444711685
11245,0.2596568763256073,0.12711502611637115,0.045616064220666885,0.09401239454746246,0.10725896805524826,0.27944809198379517,0.03592348471283913,0.05096912011504173
19097,0.2908667027950287,0.08586299419403076,0.04985563084483147,0.0887780711054802,0.08305397629737854,0.3152833580970764,0.03505455702543259,0.05124470219016075
9062,0.28524646162986755,0.08851941674947739,0.04891586676239967,0.09001947939395905,0.08593041449785233,0.31508132815361023,0.035091035068035126,0.05119597911834717
11896,0.2952011227607727,0.07814392447471619,0.04949245974421501,0.09373408555984497,0.08197027444839478,0.3157168924808502,0.03358166664838791,0.05215967074036598
11336,0.22839906811714172,0.18332485854625702,0.041503630578517914,0.09641481935977936,0.13197970390319824,0.23439961671829224,0.03471119701862335,0.04926707595586777
14563,0.2747916579246521,0.1033557876944542,0.04756859317421913,0.09209071099758148,0.09478180855512619,0.3005635440349579,0.03556389361619949,0.051284097135066986
7410,0.27768775820732117,0.09880607575178146,0.04778498783707619,0.09239363670349121,0.0927615612745285,0.30376964807510376,0.035374484956264496,0.05142194777727127
19408,0.5317084193229675,8.923698624130338e-05,0.05493651703000069,0.05020885914564133,0.0012922959867864847,0.33116430044174194,0.003506110981106758,0.027094321325421333
2586,0.2728748321533203,0.10584000498056412,0.047230616211891174,0.09199756383895874,0.0961061641573906,0.2988523244857788,0.035906802862882614,0.05119164288043976
15151,0.27857962250709534,0.09762189537286758,0.04800299555063248,0.09116841852664948,0.0913977175951004,0.30640745162963867,0.03558675944805145,0.0512351393699646
3504,0.28656619787216187,0.08926142752170563,0.04918681085109711,0.08920709043741226,0.08549473434686661,0.3137991428375244,0.03530857712030411,0.0511760488152504
10419,0.25180715322494507,0.14144621789455414,0.04469216242432594,0.09450746327638626,0.11363866180181503,0.26744961738586426,0.0358472540974617,0.05061143636703491
17618,0.33063244819641113,0.0364285483956337,0.057419389486312866,0.09780929982662201,0.049880191683769226,0.3506550192832947,0.02691224031150341,0.050263017416000366
13560,0.266491562128067,0.11846070736646652,0.0466427281498909,0.09270776808261871,0.10204046964645386,0.28665369749069214,0.03589779883623123,0.05110529437661171
13984,0.28566455841064453,0.08578912913799286,0.04893697798252106,0.09022842347621918,0.08475436270236969,0.3186028003692627,0.03490317612886429,0.051120564341545105
9819,0.2010948210954666,0.22757373750209808,0.03713277354836464,0.09606346487998962,0.1502954065799713,0.2071719616651535,0.03384682536125183,0.04682111740112305
23949,0.2806578278541565,0.09609585255384445,0.0483391098678112,0.09043772518634796,0.08999203890562057,0.3076614737510681,0.03559774160385132,0.05121821165084839
15002,0.26511991024017334,0.11761012673377991,0.046257488429546356,0.09346139430999756,0.10268277674913406,0.2878393828868866,0.03588647022843361,0.05114249512553215
3875,0.284120112657547,0.08897619694471359,0.048747994005680084,0.09024757146835327,0.08641284704208374,0.31518182158470154,0.03514206409454346,0.05117141455411911
26471,0.2511669099330902,0.139934241771698,0.044440604746341705,0.09507383406162262,0.1139005497097969,0.2689672112464905,0.03584793582558632,0.050668664276599884
19885,0.2634861469268799,0.12240681797266006,0.04620062932372093,0.093247190117836,0.10436931997537613,0.283329576253891,0.035906821489334106,0.051053546369075775
5756,0.2746495306491852,0.10592719912528992,0.047678764909505844,0.09196875989437103,0.09556683152914047,0.2973247468471527,0.035573866218328476,0.051310233771800995
18070,0.31473538279533386,0.057090599089860916,0.051791347563266754,0.09032049775123596,0.06719193607568741,0.33559858798980713,0.031611498445272446,0.051660116761922836
6783,0.3553262948989868,0.016208475455641747,0.05184192210435867,0.09229812771081924,0.03544683754444122,0.37831372022628784,0.021440614014863968,0.04912401735782623
15975,0.26905879378318787,0.11318348348140717,0.04687274247407913,0.09244973957538605,0.09967280179262161,0.2917201817035675,0.03586900234222412,0.051173195242881775
14779,0.2811862826347351,0.09504611790180206,0.04818692058324814,0.09296496212482452,0.09095323085784912,0.3050908148288727,0.03491261601448059,0.05165906995534897
19237,0.28770196437835693,0.08600486069917679,0.04929327592253685,0.08951345831155777,0.08411132544279099,0.3172135651111603,0.034993041306734085,0.051168449223041534
26473,0.2839854657649994,0.09102049469947815,0.04877879098057747,0.08998776972293854,0.0871114432811737,0.31259092688560486,0.0353289470076561,0.05119616165757179
21311,0.230510413646698,0.17376872897148132,0.041509803384542465,0.09656716138124466,0.12964202463626862,0.24316751956939697,0.0353521928191185,0.04948219656944275
27551,0.3320995271205902,0.045130155980587006,0.051355306059122086,0.11222000420093536,0.06671258062124252,0.3111228346824646,0.025838613510131836,0.0555209256708622
2705,0.30020707845687866,0.06978525221347809,0.048944342881441116,0.10429026931524277,0.08246712386608124,0.30972275137901306,0.030703594908118248,0.05387962609529495
12514,0.22530660033226013,0.1838194727897644,0.04080883786082268,0.0965670496225357,0.13350968062877655,0.23584267497062683,0.03507708013057709,0.04906861484050751
26485,0.2801224887371063,0.09568529576063156,0.04820806533098221,0.09076835215091705,0.09012402594089508,0.30831578373908997,0.035556476563215256,0.05121951550245285
8906,0.2581457495689392,0.12959975004196167,0.045420415699481964,0.09426359087228775,0.10852418094873428,0.2772131562232971,0.035901136696338654,0.05093199759721756
674,0.2773851156234741,0.05450645089149475,0.0358704999089241,0.2282729148864746,0.12053924798965454,0.20071572065353394,0.018437456339597702,0.06427263468503952
9391,0.2981807291507721,0.07540574669837952,0.05039377510547638,0.09175889939069748,0.07886452227830887,0.32025429606437683,0.03337967395782471,0.05176239833235741
7712,0.2759590446949005,0.10166067630052567,0.04769491031765938,0.09176349639892578,0.0937621146440506,0.30228152871131897,0.03561217337846756,0.051266077905893326
17681,0.005147877614945173,0.844858705997467,0.0012902308953925967,0.01286911778151989,0.12634813785552979,0.0037099462933838367,0.0025154228787869215,0.0032604713924229145
15221,0.28422003984451294,0.09186747670173645,0.048855166882276535,0.08971846103668213,0.08725578337907791,0.31147199869155884,0.035409893840551376,0.051201190799474716
11436,0.2791232466697693,0.0970514714717865,0.048117946833372116,0.09068680554628372,0.090823233127594,0.30741095542907715,0.035602375864982605,0.05118405446410179
23356,0.28924840688705444,0.08708617091178894,0.04961956664919853,0.08880522847175598,0.08388470113277435,0.31499484181404114,0.035158395767211914,0.05120272934436798
25632,0.287801057100296,0.08636873215436935,0.049319811165332794,0.08940020203590393,0.08419504761695862,0.31670665740966797,0.035036902874708176,0.05117158591747284
11684,0.28103938698768616,0.09349299967288971,0.04831710457801819,0.09075948596000671,0.0891023799777031,0.310688316822052,0.03539345785975456,0.05120693892240524
14883,0.3335407078266144,0.03572624921798706,0.05171727389097214,0.09692531079053879,0.05501476675271988,0.3479270935058594,0.026985183358192444,0.05216336250305176
20302,0.2820529043674469,0.09381233900785446,0.048527076840400696,0.09017553925514221,0.0887032151222229,0.31004077196121216,0.03548795357346535,0.05120021477341652
21899,0.2811320424079895,0.09533802419900894,0.04838877171278,0.09039943665266037,0.08958975970745087,0.3083624839782715,0.035567719489336014,0.0512218102812767
15954,0.26278409361839294,0.1228325366973877,0.04606445133686066,0.09351680427789688,0.1048487052321434,0.282995343208313,0.03590382635593414,0.05105432868003845
16830,0.286266565322876,0.08898215740919113,0.04912666231393814,0.08939570188522339,0.08553031086921692,0.3142554759979248,0.03526974096894264,0.051173437386751175
12111,0.26378318667411804,0.12055948376655579,0.046143848448991776,0.0933397188782692,0.10383489727973938,0.2853134572505951,0.035954974591732025,0.05107047036290169
11862,0.2685231864452362,0.11485638469457626,0.04685218632221222,0.09272116422653198,0.10042150318622589,0.2895931005477905,0.035838108509778976,0.05119440332055092
26342,0.035586804151535034,0.6476007699966431,0.007508809678256512,0.049061477184295654,0.2055053859949112,0.029077960178256035,0.010436623357236385,0.015222214162349701
11683,0.2786039412021637,0.09739578515291214,0.04803695157170296,0.09080558270215988,0.09112000465393066,0.30724334716796875,0.03561713919043541,0.05117727071046829
20741,0.2903185486793518,0.08401253819465637,0.04967787489295006,0.08942842483520508,0.08274415135383606,0.317760705947876,0.03482365608215332,0.05123407393693924
3927,0.27864837646484375,0.0981818363070488,0.048059381544589996,0.09116507321596146,0.09158645570278168,0.30555200576782227,0.03555116802453995,0.051255784928798676
17864,0.2756509482860565,0.10185253620147705,0.04764099419116974,0.09166063368320465,0.09386420249938965,0.3024335503578186,0.03565720096230507,0.05123991519212723
21896,0.2813297510147095,0.09319257736206055,0.048355065286159515,0.09071682393550873,0.08890426903963089,0.310906320810318,0.03538285195827484,0.051212262362241745
13268,0.3111892342567444,0.06618682295084,0.048243626952171326,0.1280016303062439,0.08882834017276764,0.2733723819255829,0.026149949058890343,0.05802803859114647
2521,0.28510263562202454,0.09007354080677032,0.04897918552160263,0.0897306352853775,0.08637921512126923,0.31330806016921997,0.0352342389523983,0.051192548125982285
27553,0.20777830481529236,0.2151445746421814,0.038166534155607224,0.0963641032576561,0.14580249786376953,0.2149994969367981,0.03423834219574928,0.047506146132946014
7341,0.28778550028800964,0.08584236353635788,0.04929434508085251,0.08956825733184814,0.08404086530208588,0.31731894612312317,0.03497575968503952,0.05117395147681236
17027,0.2756083011627197,0.10262854397296906,0.04795776307582855,0.08892504870891571,0.09243126958608627,0.3053991198539734,0.03627961501479149,0.05077023804187775
23178,0.09451924264431,0.45706987380981445,0.018472004681825638,0.08289588987827301,0.2122630625963211,0.08351108431816101,0.020518584176898003,0.030750304460525513
17738,0.2846571207046509,0.09226559102535248,0.048958323895931244,0.08928254246711731,0.08708793669939041,0.31105881929397583,0.03551389276981354,0.05117568373680115
148,0.28650787472724915,0.08606117963790894,0.04908008128404617,0.08986365050077438,0.08456918597221375,0.3178122937679291,0.03495665267109871,0.05114904046058655
9508,0.2728748321533203,0.10584000498056412,0.047230616211891174,0.09199756383895874,0.0961061641573906,0.2988523244857788,0.035906802862882614,0.05119164288043976
10373,0.2831003963947296,0.09221546351909637,0.0486445352435112,0.09018699824810028,0.0878707692027092,0.311376690864563,0.035390909761190414,0.05121435225009918
25597,0.21398842334747314,0.20314759016036987,0.038716960698366165,0.10069829225540161,0.14468716084957123,0.216514453291893,0.03354531154036522,0.048701830208301544
16300,0.3312048316001892,0.06416483223438263,0.05704842135310173,0.08929173648357391,0.06567792594432831,0.3084558844566345,0.03265389800071716,0.051502496004104614
27369,0.3761523365974426,0.016143914312124252,0.05467257648706436,0.08806653320789337,0.03315027058124542,0.3608940839767456,0.021397892385721207,0.04952242970466614
23931,0.2794283330440521,0.09532066434621811,0.04808293655514717,0.09111770242452621,0.0903153344988823,0.3090429902076721,0.03547699749469757,0.051215022802352905
2811,0.2692926824092865,0.1107780858874321,0.04673401638865471,0.09273307770490646,0.09907827526330948,0.29425033926963806,0.035941217094659805,0.051192451268434525
27886,0.2644583284854889,0.12137677520513535,0.046366095542907715,0.09307793527841568,0.10365614295005798,0.28409644961357117,0.03589829429984093,0.05106991156935692
11216,0.2897111773490906,0.08493010699748993,0.04961780458688736,0.08923350274562836,0.08311613649129868,0.3172655701637268,0.034916892647743225,0.05120878294110298
26350,0.27528655529022217,0.10205705463886261,0.04753894358873367,0.09162019193172455,0.09401694685220718,0.3024824857711792,0.03578706830739975,0.051210738718509674
18496,0.27905339002609253,0.09842786192893982,0.04840714484453201,0.0893930047750473,0.09044444561004639,0.30751529335975647,0.03579506278038025,0.05096379667520523
11059,0.27472683787345886,0.10496633499860764,0.04761134833097458,0.0916595607995987,0.09513451159000397,0.2989458441734314,0.035698577761650085,0.051256995648145676
3724,0.2737618386745453,0.10746102780103683,0.04754642769694328,0.09169939160346985,0.09621414542198181,0.29631751775741577,0.035743746906518936,0.051255881786346436
23381,0.1830974966287613,0.2618178427219391,0.03425966203212738,0.09485848993062973,0.16195333003997803,0.18663978576660156,0.03259429335594177,0.04477907717227936
21234,0.29230573773384094,0.07960955798625946,0.04968610778450966,0.09005215764045715,0.08098267763853073,0.3216956853866577,0.034342210739851,0.051325879991054535
938,0.2803313434123993,0.0960305780172348,0.048271551728248596,0.09063242375850677,0.09015269577503204,0.3077932298183441,0.03556044399738312,0.05122774839401245
4334,0.30459609627723694,0.06820587813854218,0.051240939646959305,0.09028682857751846,0.0737786665558815,0.3272802233695984,0.03307829797267914,0.051533155143260956
4069,0.33375728130340576,0.04510295391082764,0.05355003476142883,0.09124165773391724,0.058668412268161774,0.33653032779693604,0.02906431257724762,0.052084922790527344
24307,0.2069023698568344,0.19926245510578156,0.035380154848098755,0.12585799396038055,0.16511447727680206,0.187652587890625,0.028688887134194374,0.051141008734703064
22936,0.2679833769798279,0.11597340553998947,0.04681214690208435,0.09267652034759521,0.1008775383234024,0.28866705298423767,0.03584299609065056,0.051167044788599014
25232,0.27873268723487854,0.09719369560480118,0.04802162945270538,0.09095261991024017,0.09110786020755768,0.30719053745269775,0.03559745475649834,0.051203593611717224
15502,0.2637260854244232,0.11972462385892868,0.04616474360227585,0.09363174438476562,0.10368325561285019,0.286181777715683,0.03580505773425102,0.05108267068862915
19844,0.2770823538303375,0.10154459625482559,0.04792886972427368,0.09128158539533615,0.0931883379817009,0.30210041999816895,0.03560568764805794,0.05126820504665375
18653,0.2756659984588623,0.10488268733024597,0.0478070043027401,0.09111754596233368,0.09457724541425705,0.29893961548805237,0.035782016813755035,0.051227957010269165
4301,0.7275766134262085,6.909816363531718e-08,0.03376634791493416,0.020174972712993622,1.698729829513468e-05,0.2066287249326706,0.00022513970907311887,0.011611005291342735
7442,0.19378016889095306,0.23964771628379822,0.03567703068256378,0.09919407218694687,0.1578350067138672,0.19488131999969482,0.0324581116437912,0.04652673006057739
20280,0.25330987572669983,0.13587374985218048,0.044682297855615616,0.09499559551477432,0.1121613159775734,0.2723073363304138,0.03589119017124176,0.05077871307730675
16866,0.28860628604888916,0.08616918325424194,0.049451518803834915,0.08923240005970001,0.08386330306529999,0.316447377204895,0.03503592684864998,0.05119401216506958
6461,0.2575761079788208,0.12943077087402344,0.045290157198905945,0.09452833235263824,0.10883010923862457,0.27755531668663025,0.035849831998348236,0.05093947798013687
8166,0.061970122158527374,0.5605090260505676,0.012805969454348087,0.06201094388961792,0.2078268676996231,0.05595911666750908,0.0165212731808424,0.02239670418202877
10390,0.2785007953643799,0.10153711587190628,0.047810014337301254,0.09490993618965149,0.09503668546676636,0.29553425312042236,0.03467252105474472,0.05199861526489258
22095,0.2861424684524536,0.09031214565038681,0.049143485724925995,0.08923108130693436,0.0860031396150589,0.31259268522262573,0.03537951409816742,0.051195524632930756
24640,0.1412741243839264,0.3527592420578003,0.027364738285541534,0.08764412999153137,0.18448427319526672,0.13930191099643707,0.028556492179632187,0.03861521556973457
24001,0.21003925800323486,0.2107851356267929,0.03842615336179733,0.09722618758678436,0.14489634335041046,0.21660777926445007,0.034175362437963486,0.04784376546740532
21211,0.2692203223705292,0.11436406522989273,0.046985168009996414,0.09261029958724976,0.10002250969409943,0.2898090183734894,0.035769443958997726,0.051219139248132706
15052,0.27688539028167725,0.10332237929105759,0.047981563955545425,0.09093011170625687,0.09363114833831787,0.30026793479919434,0.03574920445680618,0.0512322299182415
18884,0.2846720814704895,0.0904688835144043,0.048599861562252045,0.09305863082408905,0.08851785957813263,0.3083920180797577,0.03452590852975845,0.05176475644111633
15944,0.28613147139549255,0.0898301750421524,0.04911797493696213,0.0892985463142395,0.08584148436784744,0.3132394254207611,0.03535974770784378,0.05118119716644287
15267,0.28556305170059204,0.08872736990451813,0.04898078739643097,0.08983816206455231,0.08581224083900452,0.3147037923336029,0.03517927601933479,0.05119521915912628
18620,0.26606032252311707,0.116901695728302,0.04641904681921005,0.09303629398345947,0.10197649896144867,0.2885344624519348,0.03594627231359482,0.05112546309828758
11754,0.28969985246658325,0.08648090809583664,0.04944734647870064,0.09124478697776794,0.08493010699748993,0.31209641695022583,0.03445158526301384,0.051649145781993866
17346,0.2856595516204834,0.08600610494613647,0.04893963038921356,0.09019732475280762,0.08484119921922684,0.31830504536628723,0.03492356464266777,0.05112753435969353
16845,0.28577524423599243,0.09088034927845001,0.0489782877266407,0.09020306169986725,0.08688245713710785,0.3106740713119507,0.03524087369441986,0.0513656921684742
13326,0.2760339379310608,0.10034362226724625,0.04768761992454529,0.09157225489616394,0.09315923601388931,0.3043769299983978,0.03562122583389282,0.05120520666241646
12083,0.3055480718612671,0.06846264004707336,0.051062896847724915,0.09025338292121887,0.07408657670021057,0.3258373737335205,0.032999999821186066,0.051749009639024734
11926,0.27857962250709534,0.09762189537286758,0.04800299555063248,0.09116841852664948,0.0913977175951004,0.30640745162963867,0.03558675944805145,0.0512351393699646
23745,0.29874691367149353,0.07582172006368637,0.050601519644260406,0.08937109261751175,0.07788018882274628,0.3220910131931305,0.0340208038687706,0.05146672576665878
17892,0.2923475503921509,0.08360975980758667,0.050098251551389694,0.08932965993881226,0.08199264109134674,0.31654760241508484,0.034801237285137177,0.05127328634262085
27100,0.19916342198848724,0.2308850735425949,0.036746200174093246,0.09679019451141357,0.1522482931613922,0.2039058655500412,0.03352529928088188,0.046735621988773346
18307,0.2823009192943573,0.09156156331300735,0.0484914556145668,0.09050077199935913,0.08795112371444702,0.31271156668663025,0.03529977425932884,0.051182858645915985
11746,0.2859309911727905,0.0858146995306015,0.04898056387901306,0.09013000130653381,0.08468139171600342,0.3184206783771515,0.03491303324699402,0.051128584891557693
21156,0.24148911237716675,0.1556181013584137,0.043096959590911865,0.09602242708206177,0.12145308405160904,0.2565006911754608,0.03562106564640999,0.05019848048686981
21263,0.2803152799606323,0.09616804867982864,0.048256684094667435,0.09143464267253876,0.0906287282705307,0.3065291941165924,0.03530847653746605,0.05135888233780861
21099,0.2859598696231842,0.0878530889749527,0.04894664138555527,0.09021689742803574,0.085637167096138,0.3150642514228821,0.03505793586373329,0.051264144480228424
9455,0.2766930162906647,0.10099800676107407,0.048153236508369446,0.0885113924741745,0.0913475751876831,0.307331383228302,0.036249347031116486,0.05071606487035751
23390,0.27857962250709534,0.09762189537286758,0.04800299555063248,0.09116841852664948,0.0913977175951004,0.30640745162963867,0.03558675944805145,0.0512351393699646
19517,0.28152793645858765,0.0951809510588646,0.048482440412044525,0.09040764719247818,0.0894373431801796,0.30822885036468506,0.03549505025148392,0.0512397438287735
5036,0.26303163170814514,0.12054749578237534,0.04595739766955376,0.0937032550573349,0.10428917407989502,0.28542405366897583,0.0359698161482811,0.05107717961072922
21500,0.2596536874771118,0.1277158260345459,0.0456538200378418,0.09386679530143738,0.10733338445425034,0.27889981865882874,0.03592131659388542,0.05095531791448593
17857,0.2878277599811554,0.08490686118602753,0.04927186667919159,0.08976782858371735,0.08377749472856522,0.31841206550598145,0.03486708924174309,0.05116909742355347
7822,0.27139467000961304,0.10778748989105225,0.047107912600040436,0.09270977973937988,0.09745004773139954,0.2966564893722534,0.03564095124602318,0.05125274509191513
9671,0.2858162522315979,0.08896809816360474,0.04904027655720711,0.08960531651973724,0.08574606478214264,0.3144172430038452,0.035223159939050674,0.051183588802814484
17042,0.27928948402404785,0.09623268246650696,0.04779216647148132,0.0929947942495346,0.0919133722782135,0.3049968481063843,0.03519311547279358,0.05158763378858566
23033,0.3108898103237152,0.05808110907673836,0.05139114707708359,0.09090787172317505,0.06842286139726639,0.3370884656906128,0.03168794512748718,0.051530756056308746
17625,0.286616712808609,0.08897683024406433,0.04919154942035675,0.08924097567796707,0.08539906144142151,0.31413155794143677,0.03526679798960686,0.0511765256524086
13690,0.277113139629364,0.10229291766881943,0.04795430973172188,0.09076346457004547,0.0931764543056488,0.30169031023979187,0.03580737113952637,0.05120206996798515
26712,0.28343257308006287,0.09082305431365967,0.04864822328090668,0.09036551415920258,0.08731761574745178,0.3129063844680786,0.035291895270347595,0.0512147918343544
9505,0.28057369589805603,0.09551544487476349,0.04858449846506119,0.08885221183300018,0.08874894678592682,0.3110119104385376,0.03583547845482826,0.050877880305051804
27842,0.2620176672935486,0.12176311016082764,0.0458746999502182,0.09420457482337952,0.1051279753446579,0.284158319234848,0.03576603904366493,0.0510876290500164
20969,0.2728748321533203,0.10584000498056412,0.047230616211891174,0.09199756383895874,0.0961061641573906,0.2988523244857788,0.035906802862882614,0.05119164288043976
16608,0.28968459367752075,0.0868443101644516,0.04967136308550835,0.08879424631595612,0.08368849754333496,0.31496894359588623,0.035129573196172714,0.05121845379471779
5447,0.28604647517204285,0.08631356060504913,0.04901551827788353,0.08999115973711014,0.0847976803779602,0.3177265524864197,0.034971848130226135,0.05113719031214714
15842,0.287002295255661,0.08840931951999664,0.04925280809402466,0.08940169215202332,0.08514164388179779,0.31442275643348694,0.035170622169971466,0.051198944449424744
15978,0.27857962250709534,0.09762189537286758,0.04800299555063248,0.09116841852664948,0.0913977175951004,0.30640745162963867,0.03558675944805145,0.0512351393699646
10594,0.2671619951725006,0.11394770443439484,0.04652123153209686,0.09322459995746613,0.10084483027458191,0.29129940271377563,0.035823602229356766,0.05117654800415039
4107,0.28630223870277405,0.08707869797945023,0.04906778410077095,0.08974118530750275,0.0849657952785492,0.31662651896476746,0.035058554261922836,0.05115921422839165
4689,0.26997196674346924,0.11295568943023682,0.047237712889909744,0.09091567993164062,0.0983269065618515,0.29354891180992126,0.03609195351600647,0.05095113813877106
13986,0.28140226006507874,0.09303010255098343,0.0483575314283371,0.09079378843307495,0.08885756134986877,0.3109714984893799,0.03536273166537285,0.05122453719377518
9844,0.2913604974746704,0.0844818502664566,0.04989415779709816,0.08905018121004105,0.08252955228090286,0.3165210485458374,0.03490528464317322,0.05125744640827179
20376,0.22179552912712097,0.18813620507717133,0.04018884897232056,0.09728077054023743,0.13619528710842133,0.23260873556137085,0.03490227833390236,0.0488923117518425
2881,0.29396483302116394,0.07786692678928375,0.04975156486034393,0.09065762162208557,0.08033651113510132,0.321860134601593,0.03406887874007225,0.051493532955646515
20999,0.2857944667339325,0.09026145190000534,0.04776410013437271,0.10154317319393158,0.0930795818567276,0.29534441232681274,0.032899972051382065,0.05331283435225487
1448,0.26243650913238525,0.12207780033349991,0.04592888802289963,0.09361221641302109,0.10484088212251663,0.28409603238105774,0.035958532243967056,0.05104919150471687
2274,0.2244027704000473,0.18488487601280212,0.040646977722644806,0.09658205509185791,0.1341099590063095,0.23527827858924866,0.0350959375500679,0.04899901896715164
26885,0.27857962250709534,0.09762189537286758,0.04800299555063248,0.09116841852664948,0.0913977175951004,0.30640745162963867,0.03558675944805145,0.0512351393699646
25051,0.20761816203594208,0.21596695482730865,0.03816599026322365,0.09622421860694885,0.14585109055042267,0.2144770622253418,0.03422960638999939,0.04746691510081291
6880,0.29123756289482117,0.07929170876741409,0.04911532625555992,0.09281525015830994,0.08262507617473602,0.31923946738243103,0.03391281142830849,0.051762904971838
20119,0.2870614528656006,0.08810519427061081,0.04928841069340706,0.0891290232539177,0.08486832678318024,0.31519368290901184,0.035214442759752274,0.051139336079359055
22759,0.2728748321533203,0.10584000498056412,0.047230616211891174,0.09199756383895874,0.0961061641573906,0.2988523244857788,0.035906802862882614,0.05119164288043976
14467,0.24157792329788208,0.15738457441329956,0.04322690889239311,0.0955527275800705,0.12142936885356903,0.255054771900177,0.03565491363406181,0.050118833780288696
12429,0.2738308310508728,0.10351712256669998,0.04740225896239281,0.09209413826465607,0.09507168084383011,0.30121105909347534,0.035649918019771576,0.05122293531894684
5621,0.12726432085037231,0.37697529792785645,0.024262994527816772,0.09320786595344543,0.19984804093837738,0.11634575575590134,0.024839749559760094,0.037255894392728806
21237,0.30063948035240173,0.07519824057817459,0.052100956439971924,0.09218069165945053,0.07642940431833267,0.318366676568985,0.03369276598095894,0.051391832530498505
3127,0.2788492739200592,0.09718488901853561,0.04844853654503822,0.08904966711997986,0.08969992399215698,0.3100385069847107,0.035942159593105316,0.05078702047467232
6547,0.282870888710022,0.09485532343387604,0.04872330278158188,0.08983013033866882,0.08872020244598389,0.30822765827178955,0.03554539754986763,0.05122702568769455
26807,0.28151994943618774,0.09453941881656647,0.048451006412506104,0.09031197428703308,0.08916626125574112,0.3093035817146301,0.03550276160240173,0.051205046474933624
12126,0.27935677766799927,0.09614429622888565,0.048092782497406006,0.09097999334335327,0.09059174358844757,0.3080822229385376,0.035534195601940155,0.05121791735291481
40,0.28340625762939453,0.09004822373390198,0.0486517995595932,0.09029330313205719,0.08701618760824203,0.3142000734806061,0.03521460294723511,0.051169559359550476
2099,0.30146554112434387,0.07306715101003647,0.05097530409693718,0.08956631273031235,0.07623291015625,0.3234803080558777,0.03371187299489975,0.05150064080953598
20067,0.27022844552993774,0.11394922435283661,0.04720086604356766,0.0919637680053711,0.09922093898057938,0.29041656851768494,0.03587222471833229,0.05114804208278656
7297,0.28273287415504456,0.09204176068305969,0.04857795313000679,0.0903727114200592,0.08798585832118988,0.3117388188838959,0.0353362001478672,0.051213666796684265
26029,0.5626052618026733,1.1421694839919283e-10,0.018337678164243698,0.015686102211475372,6.611662684008479e-07,0.3983718156814575,2.6750883989734575e-05,0.0049717058427631855
8,0.2862127423286438,0.08749289065599442,0.04905222728848457,0.08997553586959839,0.08529443293809891,0.31575751304626465,0.03500085324048996,0.05121372640132904
25798,0.2775149643421173,0.09871090203523636,0.0479239746928215,0.09134282171726227,0.09210053086280823,0.3056877851486206,0.03549734503030777,0.0512215793132782
9281,0.23525145649909973,0.16575941443443298,0.042196404188871384,0.09661814570426941,0.1262494921684265,0.24867480993270874,0.03540218621492386,0.04984807223081589
25473,0.26922544836997986,0.1123775988817215,0.046859413385391235,0.09290376305580139,0.09959963709115982,0.29203128814697266,0.0357675664126873,0.051235247403383255
8536,0.28120890259742737,0.09541834145784378,0.04840927943587303,0.09043961763381958,0.08959296345710754,0.30813127756118774,0.0355776846408844,0.05122195929288864
25381,0.28305238485336304,0.091132253408432,0.04860462248325348,0.09034138917922974,0.08754710108041763,0.3128357529640198,0.03529077023267746,0.05119583010673523
10440,0.31861412525177,0.05418558046221733,0.05272633209824562,0.09102919697761536,0.0648719072341919,0.33597463369369507,0.031063340604305267,0.05153478682041168
10536,0.2845812737941742,0.0911419689655304,0.048906873911619186,0.08985120058059692,0.08698351681232452,0.3120429515838623,0.03527345880866051,0.0512186735868454
25033,0.8547248244285583,3.790349722976316e-08,0.11364763230085373,0.009349080733954906,1.1908350643352605e-06,0.01832246594130993,9.139230678556487e-05,0.0038632932119071484
21090,0.2696232497692108,0.11089840531349182,0.046845898032188416,0.09246468544006348,0.09885810315608978,0.2942162752151489,0.03591263294219971,0.051180820912122726
16995,0.17442458868026733,0.27100124955177307,0.03188079595565796,0.10752904415130615,0.1777615249156952,0.16344763338565826,0.028592359274625778,0.04536275565624237
26899,0.2661164104938507,0.11865288764238358,0.0465589314699173,0.09297187626361847,0.10236698389053345,0.28633713722229004,0.03586116060614586,0.05113460496068001
27129,0.25958457589149475,0.1289125233888626,0.045727744698524475,0.09372255951166153,0.10753532499074936,0.27768558263778687,0.035905878990888596,0.0509258508682251
13621,0.25443676114082336,0.13120801746845245,0.04341915249824524,0.11427053064107895,0.12221260368824005,0.2495705634355545,0.03125925362110138,0.05362308770418167
3215,0.2700222134590149,0.11027117073535919,0.04711991921067238,0.09064249694347382,0.09733761101961136,0.2974666357040405,0.03627684712409973,0.05086307227611542
25585,0.2708219289779663,0.11104336380958557,0.047155141830444336,0.09265406429767609,0.09857910871505737,0.29281818866729736,0.03565783053636551,0.05127035453915596
11484,0.27857962250709534,0.09762189537286758,0.04800299555063248,0.09116841852664948,0.0913977175951004,0.30640745162963867,0.03558675944805145,0.0512351393699646
10213,0.2675987780094147,0.11372800171375275,0.04657537490129471,0.09301267564296722,0.10057365149259567,0.29145750403404236,0.03587692230939865,0.051177024841308594
10976,0.2831098437309265,0.09229020774364471,0.048652030527591705,0.09016874432563782,0.0878867506980896,0.31128740310668945,0.035392362624406815,0.05121266841888428
20528,0.2913873493671417,0.07984641194343567,0.048924028873443604,0.0956844761967659,0.08434294164180756,0.31422892212867737,0.03330200910568237,0.052283741533756256
9565,0.24002929031848907,0.1573045253753662,0.042844031006097794,0.09618529677391052,0.12247264385223389,0.2553842067718506,0.035661615431308746,0.05011837184429169
12254,0.27857962250709534,0.09762189537286758,0.04800299555063248,0.09116841852664948,0.0913977175951004,0.30640745162963867,0.03558675944805145,0.0512351393699646
18399,0.2874063551425934,0.08813975751399994,0.04931150749325752,0.08910756558179855,0.08482728153467178,0.3148075342178345,0.03522973507642746,0.051170412451028824
23578,0.2839651107788086,0.09051039814949036,0.04874468222260475,0.09015217423439026,0.0869971439242363,0.3131410777568817,0.03528371825814247,0.05120565742254257
66,0.2703961730003357,0.11016301065683365,0.04729965329170227,0.08974214643239975,0.09660863876342773,0.2986447215080261,0.03642238304018974,0.05072324723005295
18029,0.2741588354110718,0.10378594696521759,0.04737731069326401,0.09173676371574402,0.09496986865997314,0.3008943200111389,0.03587102144956589,0.05120587721467018
11884,0.2806696891784668,0.09628831595182419,0.048363640904426575,0.09069234132766724,0.09018175303936005,0.30703356862068176,0.03551071882247925,0.05125996470451355
1947,0.2572445273399353,0.13323599100112915,0.04546041786670685,0.09383146464824677,0.10942855477333069,0.2740849256515503,0.03590213134884834,0.05081192031502724
24183,0.263462096452713,0.11979180574417114,0.04606066271662712,0.09396437555551529,0.10402508080005646,0.2857871651649475,0.03578128293156624,0.05112758278846741
24305,0.45599380135536194,0.005225677043199539,0.06448820233345032,0.07304339110851288,0.014156853780150414,0.3288554549217224,0.014882637187838554,0.04335402697324753
1376,0.27351677417755127,0.10862117260694504,0.04758657515048981,0.09160776436328888,0.09653177857398987,0.2951269745826721,0.035783201456069946,0.0512256845831871
7365,0.2729642391204834,0.10815151035785675,0.047408849000930786,0.09195780009031296,0.09676894545555115,0.2957237958908081,0.035767652094364166,0.05125725269317627
7654,0.1917220950126648,0.24500909447669983,0.03564061224460602,0.09559810161590576,0.15648719668388367,0.19650280475616455,0.03323272615671158,0.045807309448719025
22769,0.27665477991104126,0.10029616951942444,0.0479377806186676,0.09045244753360748,0.09229157119989395,0.30554619431495667,0.035779695957899094,0.05104132741689682
12739,0.28462424874305725,0.08938567340373993,0.048855237662792206,0.08989496529102325,0.08628611266613007,0.3145674467086792,0.03522506728768349,0.05116128921508789
24824,0.27824246883392334,0.10108909010887146,0.048162803053855896,0.0911545529961586,0.09263922274112701,0.30190104246139526,0.03550470992922783,0.05130612105131149
16688,0.22027969360351562,0.1922982931137085,0.04004448279738426,0.09658056497573853,0.13706929981708527,0.23016361892223358,0.034908637404441833,0.04865536093711853
20734,0.1960812658071518,0.2368541806936264,0.03633863851428032,0.0958375334739685,0.1536293625831604,0.2014428675174713,0.03352685272693634,0.04628925397992134
15812,0.2514082193374634,0.13904929161071777,0.0444401390850544,0.09510083496570587,0.11363513767719269,0.2697983682155609,0.03588397055864334,0.05068405717611313
20941,0.24837641417980194,0.1437995284795761,0.044016819447278976,0.09551803767681122,0.11605480313301086,0.26585161685943604,0.03582635521888733,0.05055643990635872
10826,0.20364351570606232,0.22202880680561066,0.03749210387468338,0.09643355756998062,0.14867979288101196,0.21057291328907013,0.034022312611341476,0.047126930207014084
11384,0.27857962250709534,0.09762189537286758,0.04800299555063248,0.09116841852664948,0.0913977175951004,0.30640745162963867,0.03558675944805145,0.0512351393699646
14684,0.28535354137420654,0.08962520956993103,0.04897155240178108,0.08968093246221542,0.0861281007528305,0.3137717545032501,0.03528117761015892,0.051187701523303986
15538,0.2927989065647125,0.08624362200498581,0.05031219869852066,0.08841555565595627,0.08244706690311432,0.3134661614894867,0.03509960323572159,0.05121689289808273
4786,0.3576568365097046,0.01875714398920536,0.054284319281578064,0.09129828214645386,0.036845579743385315,0.36958205699920654,0.022538790479302406,0.04903696849942207
24572,0.3801478445529938,0.002010943600907922,0.06000792235136032,0.11128801852464676,0.009940287098288536,0.3892025947570801,0.00998423807322979,0.037418216466903687
25838,0.25897377729415894,0.12758468091487885,0.04548324644565582,0.09415068477392197,0.10770685225725174,0.2792114317417145,0.035927824676036835,0.05096155032515526
7387,0.33189257979393005,0.043284930288791656,0.051317647099494934,0.10605683922767639,0.06362402439117432,0.3225429952144623,0.026854535564780235,0.05442645773291588
20599,0.28274908661842346,0.09417897462844849,0.04865938425064087,0.08990854769945145,0.08854816854000092,0.3091980814933777,0.03554351627826691,0.05121422931551933
14908,0.22842812538146973,0.17736482620239258,0.04120798781514168,0.09663417935371399,0.1311762034893036,0.24058417975902557,0.03527400270104408,0.04933049902319908
14518,0.3156984746456146,0.060888681560754776,0.05453980714082718,0.09417977929115295,0.06690525263547897,0.32457128167152405,0.03174401447176933,0.051472727209329605
24606,0.253741979598999,0.1357506364583969,0.04477591812610626,0.09483230113983154,0.11187352240085602,0.2723408341407776,0.035907238721847534,0.05077763646841049
2365,0.28893744945526123,0.08560951054096222,0.04950476810336113,0.08926708996295929,0.08355738967657089,0.3169530928134918,0.03497803583741188,0.051192719489336014
18874,0.2821533679962158,0.09592942893505096,0.04865045100450516,0.08981265127658844,0.08924087136983871,0.307381808757782,0.035637859255075455,0.05119353532791138
24941,0.20050665736198425,0.22846856713294983,0.03696238622069359,0.09682310372591019,0.15133528411388397,0.20542368292808533,0.03360702469944954,0.04687325656414032
19413,0.2572072744369507,0.13032513856887817,0.04524892941117287,0.09439586102962494,0.10910975933074951,0.2768901586532593,0.03592176362872124,0.05090111494064331
4269,0.27852344512939453,0.09940773993730545,0.0482143871486187,0.09048417955636978,0.09159155935049057,0.30499953031539917,0.03562228009104729,0.051156897097826004
21316,0.2863255441188812,0.08626377582550049,0.04907221719622612,0.08983706682920456,0.0846569836139679,0.3177422881126404,0.0349699892103672,0.05113210529088974
7551,0.2847057282924652,0.08888325095176697,0.04887119680643082,0.0898553878068924,0.08603742718696594,0.315306156873703,0.035202786326408386,0.05113809183239937
20992,0.2874942421913147,0.08454535901546478,0.04921033978462219,0.08994821459054947,0.08377110213041306,0.3190724849700928,0.0348106324672699,0.0511476993560791
11490,0.2821342647075653,0.0961405411362648,0.04864361137151718,0.09012256562709808,0.08947564661502838,0.306667298078537,0.03555640950798988,0.051259610801935196
2722,0.25736477971076965,0.13077175617218018,0.045045480132102966,0.0972471684217453,0.11104275286197662,0.2719539701938629,0.035197362303733826,0.05137673765420914
14245,0.19877076148986816,0.23229706287384033,0.036786627024412155,0.09584759175777435,0.15179508924484253,0.20426174998283386,0.03368263691663742,0.04655855521559715
11534,0.22039192914962769,0.19154487550258636,0.040042877197265625,0.09662314504384995,0.13691969215869904,0.23084406554698944,0.03496110066771507,0.04867226257920265
3004,0.28766679763793945,0.08838137239217758,0.04935950040817261,0.08900050818920135,0.08481451869010925,0.3143337070941925,0.03526328131556511,0.05118019878864288
8990,0.00014773727161809802,0.9428057074546814,4.380394966574386e-05,0.0014862425159662962,0.05505704507231712,8.516677189618349e-05,0.00016334601968992501,0.00021090982772875577
16635,0.19279003143310547,0.2433742880821228,0.035763949155807495,0.09625287353992462,0.15635690093040466,0.1963706761598587,0.033084213733673096,0.0460069514811039
23285,0.24979040026664734,0.14158521592617035,0.0442306324839592,0.09559417515993118,0.11505220830440521,0.2673567831516266,0.035731930285692215,0.05065867304801941
15118,0.2883357107639313,0.08688200265169144,0.04943155124783516,0.08912007510662079,0.0841548889875412,0.315780907869339,0.035109713673591614,0.051184993237257004
12163,0.273956298828125,0.10388615727424622,0.047414783388376236,0.09216023236513138,0.09522879868745804,0.3004572093486786,0.03564205765724182,0.05125441774725914
14178,0.21967142820358276,0.19224178791046143,0.039891503751277924,0.0969122052192688,0.13755826652050018,0.23015441000461578,0.03491462022066116,0.04865571856498718
5707,0.2886630594730377,0.08775030076503754,0.04953513294458389,0.08879506587982178,0.08426278829574585,0.3145847022533417,0.03521885350346565,0.05119001120328903
3880,0.27938079833984375,0.09625539928674698,0.04810651019215584,0.09089501947164536,0.09058406949043274,0.3080206513404846,0.035548388957977295,0.051209136843681335
7360,0.27528417110443115,0.10316282510757446,0.047628626227378845,0.0916239321231842,0.09437902271747589,0.30097857117652893,0.03569741174578667,0.05124553292989731
20308,0.2875620722770691,0.08677929639816284,0.04929425194859505,0.08935976028442383,0.08438252657651901,0.3163864314556122,0.03507489711046219,0.051160700619220734
2150,0.27857962250709534,0.09762189537286758,0.04800299555063248,0.09116841852664948,0.0913977175951004,0.30640745162963867,0.03558675944805145,0.0512351393699646
14299,0.2809436023235321,0.09586061537265778,0.048768699169158936,0.08891355991363525,0.0886804610490799,0.3101058602333069,0.035865992307662964,0.05086120218038559
4804,0.2822101414203644,0.0924544557929039,0.048634424805641174,0.08963847905397415,0.08779206871986389,0.3127514719963074,0.035467565059661865,0.05105140805244446
25705,0.2630210816860199,0.1225876584649086,0.04609741270542145,0.09383157640695572,0.1048646792769432,0.2826825976371765,0.035795070230960846,0.0511198453605175
7058,0.28972142934799194,0.08250384032726288,0.049518369138240814,0.08988647162914276,0.08243592083454132,0.32009604573249817,0.03462880849838257,0.051209039986133575
6623,0.24967432022094727,0.14178356528282166,0.04419703781604767,0.09530729800462723,0.11501455307006836,0.267550528049469,0.035861313343048096,0.05061137676239014
19023,0.2841131091117859,0.09073196351528168,0.04880892112851143,0.09003832936286926,0.08699961006641388,0.312843918800354,0.03526538610458374,0.051198821514844894
15898,0.25791195034980774,0.12815040349960327,0.04492560029029846,0.09801267087459564,0.11074496805667877,0.27361005544662476,0.03511364758014679,0.05153064802289009
1172,0.2812052071094513,0.09567423164844513,0.048574790358543396,0.08981826901435852,0.0892968475818634,0.3087671995162964,0.03554533049464226,0.05111811310052872
10394,0.28230923414230347,0.09366193413734436,0.04856094345450401,0.0901549682021141,0.08858023583889008,0.3100515604019165,0.03547610715031624,0.051205072551965714
3465,0.017933610826730728,0.7413806915283203,0.004051508381962776,0.03004167042672634,0.17642733454704285,0.014635828323662281,0.006687475834041834,0.008841934613883495
25941,0.23170875012874603,0.17132791876792908,0.04165911674499512,0.0966334193944931,0.1287531703710556,0.2449289709329605,0.03540552034974098,0.049583226442337036
11151,0.27566343545913696,0.1033509373664856,0.047698915004730225,0.09124647080898285,0.09413447976112366,0.3008536994457245,0.03585892915725708,0.05119311064481735
18928,0.2841692268848419,0.09197472780942917,0.04896136000752449,0.08897729963064194,0.08684886246919632,0.31247076392173767,0.03553926199674606,0.051058586686849594
16631,0.2855941951274872,0.09147565811872482,0.049096547067165375,0.08916207402944565,0.08653073757886887,0.31150102615356445,0.035454411059617996,0.05118542164564133
17034,0.28599321842193604,0.0871841236948967,0.04855027049779892,0.0941881313920021,0.08765064924955368,0.31038951873779297,0.034095216542482376,0.051948897540569305
23631,0.28950417041778564,0.0856446847319603,0.04959715157747269,0.08911682665348053,0.08340230584144592,0.31652864813804626,0.03499627858400345,0.05120990797877312
21206,0.27075034379959106,0.10911041498184204,0.04684478044509888,0.09325408190488815,0.0985463485121727,0.29439687728881836,0.035731129348278046,0.051366131752729416
5172,0.2873615324497223,0.08634383976459503,0.049256257712841034,0.08951619267463684,0.08431165665388107,0.31703516840934753,0.03502097725868225,0.05115440860390663
14673,0.26678895950317383,0.11863812804222107,0.0467238649725914,0.09256312251091003,0.10189851373434067,0.2863897979259491,0.03590455278754234,0.051093000918626785
17524,0.2878674566745758,0.08931294083595276,0.049446024000644684,0.08866740018129349,0.08495943248271942,0.3132108449935913,0.035363152623176575,0.05117276683449745
12201,0.27857962250709534,0.09762189537286758,0.04800299555063248,0.09116841852664948,0.0913977175951004,0.30640745162963867,0.03558675944805145,0.0512351393699646
3257,0.24212108552455902,0.15490633249282837,0.04320216923952103,0.09589897096157074,0.12096406519412994,0.2570151686668396,0.03567551076412201,0.05021670088171959
1210,0.25699934363365173,0.13268810510635376,0.04535955563187599,0.09411461651325226,0.10956856608390808,0.2745404541492462,0.03587886318564415,0.050850581377744675
18120,0.27702972292900085,0.09977898746728897,0.04778631031513214,0.09122782200574875,0.09259091317653656,0.30466172099113464,0.03571274131536484,0.05121183395385742
12176,0.00020624940225388855,0.9144358038902283,5.252514893072657e-05,0.0031831238884478807,0.08156976103782654,8.609068754594773e-05,0.00014275174180511385,0.00032363709760829806
17196,0.35328754782676697,0.027032693848013878,0.05504242330789566,0.08948328346014023,0.043829046189785004,0.3555029630661011,0.025468610227108,0.05035337433218956
14478,0.2876880466938019,0.08652172237634659,0.049306970089673996,0.0893872082233429,0.08427092432975769,0.316607266664505,0.03505076467990875,0.051167070865631104
333,0.26181602478027344,0.12350335717201233,0.045877426862716675,0.09372375905513763,0.10547783225774765,0.2826319932937622,0.03592989221215248,0.05103965103626251
10848,0.28020861744880676,0.0950990617275238,0.04822176694869995,0.09079580008983612,0.08991296589374542,0.3090616464614868,0.03548683598637581,0.051213338971138
6723,0.27446818351745605,0.1033196747303009,0.04741591215133667,0.09167488664388657,0.09470121562480927,0.3013518750667572,0.03585950285196304,0.05120879411697388
4206,0.32733428478240967,0.043487757444381714,0.05213126167654991,0.10062224417924881,0.06183835491538048,0.3345000445842743,0.027096286416053772,0.05298981815576553
4474,0.3629929721355438,0.02251219004392624,0.05189703032374382,0.11049120873212814,0.04588194191455841,0.3304903507232666,0.02155311405658722,0.05418108403682709
4436,0.2772538661956787,0.09896021336317062,0.04786926507949829,0.09129688143730164,0.0922318696975708,0.3056047558784485,0.03557842969894409,0.051204778254032135
22854,0.21078994870185852,0.2087535262107849,0.03858352079987526,0.09667075425386429,0.14378686249256134,0.21913540363311768,0.03444642573595047,0.04783356934785843
10099,0.3003169596195221,0.07127197831869125,0.05055106431245804,0.09013092517852783,0.07601165771484375,0.32678771018981934,0.03344690054655075,0.051482900977134705
1549,0.27554649114608765,0.09832996129989624,0.046893008053302765,0.09592762589454651,0.09538397192955017,0.3010895848274231,0.03488890826702118,0.0519404299557209
13245,0.2788638770580292,0.10123629122972488,0.04828367382287979,0.09058704972267151,0.09223778545856476,0.3018696904182434,0.03567123040556908,0.05125034600496292
25296,0.12429140508174896,0.3958984911441803,0.024549005553126335,0.08271104842424393,0.19046154618263245,0.12017449736595154,0.02641025371849537,0.03550359234213829
20701,0.2823311686515808,0.09516030550003052,0.04881774261593819,0.08917391300201416,0.08845490217208862,0.30936938524246216,0.03563863784074783,0.051053937524557114
3610,0.28280919790267944,0.09156759083271027,0.04858746379613876,0.09034496545791626,0.08776971697807312,0.31242167949676514,0.03530300408601761,0.05119633302092552
24771,0.29123562574386597,0.08416811376810074,0.049499575048685074,0.0911879688501358,0.08374957740306854,0.31406399607658386,0.03441746532917023,0.05167765915393829
10728,0.24576453864574432,0.15128976106643677,0.043862830847501755,0.09503252059221268,0.11829119920730591,0.2597089111804962,0.0357329286634922,0.05031740665435791
11759,0.2743356227874756,0.1038983166217804,0.04749142378568649,0.09206898510456085,0.09509652853012085,0.3002215325832367,0.035619016736745834,0.05126862972974777
20937,0.21210592985153198,0.20664192736148834,0.038802895694971085,0.09668667614459991,0.14287127554416656,0.22046740353107452,0.0344674251973629,0.047956597059965134
22390,0.2311345934867859,0.1739881932735443,0.04167734831571579,0.09626710414886475,0.12917736172676086,0.24293152987957,0.03534919396042824,0.04947465658187866
150,0.28061580657958984,0.09419410675764084,0.048265960067510605,0.09080705791711807,0.08948226273059845,0.3099920451641083,0.035432010889053345,0.051210712641477585
5941,0.3132181167602539,0.06879246979951859,0.0476759672164917,0.13752824068069458,0.09362687915563583,0.25447341799736023,0.02501741610467434,0.059667568653821945
8512,0.2500467002391815,0.1411365270614624,0.04424430429935455,0.09528283029794693,0.11471787840127945,0.2680734694004059,0.03586827591061592,0.050630033016204834
16527,0.27561891078948975,0.10207876563072205,0.04760120064020157,0.0913691371679306,0.0938243716955185,0.3024817109107971,0.035818666219711304,0.051207222044467926
23410,0.27221742272377014,0.107108935713768,0.047169625759124756,0.09208579361438751,0.0967639610171318,0.2975788116455078,0.03586060553789139,0.05121481418609619
26988,0.2720586955547333,0.11053439229726791,0.047121383249759674,0.09420960396528244,0.09916207939386368,0.2900034487247467,0.035276349633932114,0.05163408815860748
12898,0.18007302284240723,0.2677331566810608,0.03376692533493042,0.09457968175411224,0.16383036971092224,0.18325254321098328,0.032359275966882706,0.04440504312515259
206,0.2904183566570282,0.08208359032869339,0.04903467744588852,0.09374689310789108,0.08446940034627914,0.31442075967788696,0.033843379467725754,0.05198292061686516
3535,0.1725006401538849,0.28374069929122925,0.0325610414147377,0.09347351640462875,0.16824381053447723,0.17439743876457214,0.031703315675258636,0.04337945953011513
21048,0.2791093587875366,0.09676144272089005,0.048081159591674805,0.09086821973323822,0.09081593155860901,0.307583212852478,0.035578593611717224,0.051202140748500824
15920,0.3070257008075714,5.770161806140095e-07,0.02521219290792942,0.04821773245930672,0.00012815686932299286,0.6054225564002991,0.0005275247967801988,0.013465468771755695
10075,0.20884791016578674,0.21242067217826843,0.0382922887802124,0.09659131616353989,0.1451197862625122,0.21674951910972595,0.03433581441640854,0.047642745077610016
16695,0.2806989252567291,0.09383206814527512,0.04828166961669922,0.0907542034983635,0.08929049968719482,0.31053122878074646,0.035417135804891586,0.051194243133068085
4688,0.2846733033657074,0.0898989737033844,0.048855677247047424,0.08991680294275284,0.08650235086679459,0.3136960566043854,0.03526587039232254,0.05119096115231514
937,0.27564120292663574,0.10254168510437012,0.047625958919525146,0.09125140309333801,0.09392858296632767,0.3019612431526184,0.03584545850753784,0.051204316318035126
4569,0.2873488664627075,0.08770591765642166,0.049284614622592926,0.08920563757419586,0.08472119271755219,0.3153932988643646,0.03517711162567139,0.051163360476493835
1527,0.2732431888580322,0.10513419657945633,0.047329872846603394,0.09224165976047516,0.09587816894054413,0.29925328493118286,0.035668179392814636,0.051251400262117386
5484,0.25155919790267944,0.13997887074947357,0.04453197121620178,0.09503478556871414,0.11372780799865723,0.26865631341934204,0.03582664579153061,0.05068448930978775
19117,0.25204354524612427,0.13976770639419556,0.044665735214948654,0.09469728171825409,0.11329784989356995,0.26904264092445374,0.03581714630126953,0.05066815763711929
25775,0.28925788402557373,0.09708428382873535,0.050072576850652695,0.09943246096372604,0.092132568359375,0.28661048412323,0.03253091871738434,0.05287875980138779
10172,0.28387194871902466,0.093770831823349,0.04887261986732483,0.08950995653867722,0.08792244642972946,0.30929142236709595,0.03556167334318161,0.051199041306972504
10602,0.2847374677658081,0.08881044387817383,0.04807283729314804,0.09553618729114532,0.08946739137172699,0.30699390172958374,0.03418755531311035,0.05219428986310959
24750,0.27857962250709534,0.09762189537286758,0.04800299555063248,0.09116841852664948,0.0913977175951004,0.30640745162963867,0.03558675944805145,0.0512351393699646
11579,0.2810111343860626,0.09416163712739944,0.048339180648326874,0.09061427414417267,0.08929179608821869,0.3099268674850464,0.03544792905449867,0.05120723322033882
24331,0.28008148074150085,0.09603586792945862,0.04822809249162674,0.09067210555076599,0.0902295857667923,0.30797725915908813,0.03556035831570625,0.05121520534157753
20627,0.28654608130455017,0.08852055668830872,0.04915766417980194,0.08936870843172073,0.08529248088598251,0.31471213698387146,0.03522945195436478,0.05117287486791611
23714,0.2808997929096222,0.09521327167749405,0.04835793375968933,0.09068213403224945,0.0897342711687088,0.308389812707901,0.035485513508319855,0.05123725160956383
17421,0.34260818362236023,0.03912373632192612,0.05818181112408638,0.09599892050027847,0.05142521858215332,0.33372583985328674,0.02793256938457489,0.05100375413894653
11620,0.28333571553230286,0.09156529605388641,0.04884710535407066,0.08918744325637817,0.08691767603158951,0.31366294622421265,0.035483468323946,0.051000431180000305
4256,0.10006367415189743,0.12227923423051834,0.011536787264049053,0.37504538893699646,0.2897225022315979,0.048334017395973206,0.006987152621150017,0.046031221747398376
1505,0.2785996198654175,0.0984237790107727,0.04807057976722717,0.09126247465610504,0.09171529114246368,0.3051377534866333,0.03551432490348816,0.05127613618969917
10906,0.2567732334136963,0.12968233227729797,0.045144177973270416,0.09498441219329834,0.10937300324440002,0.27731001377105713,0.03578707575798035,0.050945743918418884
19250,0.2821146845817566,0.09181435406208038,0.04845595359802246,0.09060109406709671,0.08814063668251038,0.31236931681632996,0.03530845791101456,0.051195550709962845
13807,0.25387662649154663,0.137383833527565,0.04492729529738426,0.09451435506343842,0.111990787088871,0.27071690559387207,0.03585325926542282,0.050737012177705765
13445,0.2728748321533203,0.10584000498056412,0.047230616211891174,0.09199756383895874,0.0961061641573906,0.2988523244857788,0.035906802862882614,0.05119164288043976
11923,0.14115677773952484,0.3535034656524658,0.027363283559679985,0.08746346086263657,0.18436476588249207,0.13904604315757751,0.028531242161989212,0.03857084736227989
25487,0.2784745693206787,0.09731250256299973,0.04798850789666176,0.09125290811061859,0.09135016798973083,0.30685436725616455,0.03553617745637894,0.051230814307928085
4633,0.2804279625415802,0.09444542974233627,0.04853561520576477,0.08917072415351868,0.08853182196617126,0.31229424476623535,0.03571821004152298,0.05087599903345108
11964,0.4563361704349518,2.8102729629608802e-05,0.026629319414496422,0.22939717769622803,0.0023593856021761894,0.24409416317939758,0.0013424002099782228,0.03981341794133186
23331,0.2908320128917694,0.08447806537151337,0.04979155585169792,0.08919930458068848,0.08270899951457977,0.3168497085571289,0.03489187732338905,0.051248516887426376
572,0.2860513925552368,0.0888454020023346,0.04906769096851349,0.08956006169319153,0.08561646938323975,0.31443050503730774,0.035243596881628036,0.051184896379709244
27463,0.24131622910499573,0.1560463309288025,0.042524807155132294,0.10171998292207718,0.12570099532604218,0.24739930033683777,0.03421040251851082,0.05108186975121498
23384,0.2843535542488098,0.089397132396698,0.0487683042883873,0.09019607305526733,0.08648701012134552,0.3143875002861023,0.035214319825172424,0.05119611322879791
25985,0.5990689992904663,4.5857220243306074e-07,0.03440294414758682,0.03224515542387962,6.892287638038397e-05,0.31837576627731323,0.0005558620905503631,0.015281923115253448
774,0.28533127903938293,0.08825358003377914,0.04893331602215767,0.08983706682920456,0.08568299561738968,0.3156517744064331,0.03514884039759636,0.05116123706102371
18545,0.29012349247932434,0.08470416814088821,0.04967842996120453,0.0892546996474266,0.0829799547791481,0.3171307444572449,0.03490208089351654,0.05122653767466545
19770,0.27943238615989685,0.09659251570701599,0.048126645386219025,0.09088650345802307,0.09069608151912689,0.30748239159584045,0.035559654235839844,0.051223840564489365
12519,0.2796844244003296,0.09535007178783417,0.04812118411064148,0.09104308485984802,0.09024576842784882,0.308847039937973,0.035484399646520615,0.0512240007519722
26983,0.20660263299942017,0.21515171229839325,0.037622347474098206,0.10011378675699234,0.14927883446216583,0.20994648337364197,0.03334984928369522,0.04793435335159302
24792,0.28030943870544434,0.09490174055099487,0.04823477193713188,0.0907583087682724,0.08979843556880951,0.30931469798088074,0.03547793626785278,0.051204632967710495
4911,0.17938730120658875,0.2707027494907379,0.033722203224897385,0.09402322769165039,0.1639389991760254,0.18173964321613312,0.03224785625934601,0.044238120317459106
15014,0.25733810663223267,0.13014796376228333,0.04537978395819664,0.09337049722671509,0.10832324624061584,0.27855974435806274,0.03614428639411926,0.05073639750480652
15155,0.35720962285995483,0.02033747360110283,0.04782803729176521,0.13569168746471405,0.0505501963198185,0.31191325187683105,0.01930856518447399,0.0571611113846302
6146,0.2706124484539032,0.10946553200483322,0.04697582498192787,0.09245128184556961,0.09813079237937927,0.29531407356262207,0.03583620488643646,0.051213789731264114
5193,0.2821563184261322,0.09176452457904816,0.04846392571926117,0.09060986340045929,0.08811423182487488,0.3123888373374939,0.03530295565724373,0.05119930952787399
22144,0.27204832434654236,0.11058228462934494,0.04738527536392212,0.09191234409809113,0.09770101308822632,0.29336148500442505,0.03579126298427582,0.05121798813343048
27244,0.23411208391189575,0.16808709502220154,0.04205769672989845,0.09641553461551666,0.12702278792858124,0.24716030061244965,0.03541132062673569,0.04973313584923744
5123,0.2632477283477783,0.12381266057491302,0.04624728858470917,0.09321451187133789,0.1047469899058342,0.2818124294281006,0.03588816151022911,0.051030196249485016
19734,0.2756637632846832,0.1023416519165039,0.04762232303619385,0.0912591964006424,0.09385430812835693,0.30221596360206604,0.03584074229001999,0.051202092319726944
14706,0.28766366839408875,0.0876547247171402,0.04933726042509079,0.08911237120628357,0.084595687687397,0.31528645753860474,0.035179927945137024,0.051169876009225845
17951,0.2781643569469452,0.09789006412029266,0.04793865233659744,0.09112165868282318,0.09157736599445343,0.30647557973861694,0.035617999732494354,0.05121440067887306
8690,0.2691705822944641,0.11300888657569885,0.04684426635503769,0.09405728429555893,0.10045827925205231,0.2896566092967987,0.03538215160369873,0.051421910524368286
11718,0.27946314215660095,0.09656253457069397,0.048166509717702866,0.09064847975969315,0.0905432254076004,0.30785614252090454,0.035575054585933685,0.05118481069803238
21733,0.283630907535553,0.09275912493467331,0.04878322407603264,0.08969010412693024,0.0876980796456337,0.31077438592910767,0.03548358753323555,0.05118066072463989
4338,0.2889255881309509,0.08295491337776184,0.048927098512649536,0.0924622118473053,0.0844133123755455,0.31633424758911133,0.03429082781076431,0.05169173330068588
21613,0.2869177758693695,0.09015871584415436,0.04854394868016243,0.09545361250638962,0.08945956826210022,0.303081214427948,0.03401773050427437,0.052367400377988815
11006,0.2680957019329071,0.11338959634304047,0.046647366136312485,0.09281925857067108,0.10024720430374146,0.2917139232158661,0.035907745361328125,0.05117907375097275
12328,0.280411034822464,0.09482737630605698,0.04824710264801979,0.09085601568222046,0.0897974744439125,0.3091791868209839,0.03545420989394188,0.0512276366353035
26604,0.28770628571510315,0.08779630064964294,0.04936234652996063,0.08905026316642761,0.08460114896297455,0.31511765718460083,0.03519752249121666,0.05116841197013855
24482,0.27985846996307373,0.09806002676486969,0.048225194215774536,0.0914030596613884,0.0914316177368164,0.30424028635025024,0.03539181500673294,0.051389578729867935
27907,0.28818216919898987,0.08744458854198456,0.049422383308410645,0.08902207016944885,0.08436080068349838,0.31521496176719666,0.03517021983861923,0.051182907074689865
7320,0.3074664771556854,0.06577608734369278,0.05124642699956894,0.08983325958251953,0.07232808321714401,0.32887840270996094,0.0328260138630867,0.05164525285363197
7909,0.1660309135913849,0.2969787120819092,0.031487107276916504,0.09263701736927032,0.17201587557792664,0.1672186553478241,0.03113529272377491,0.04249652102589607
5067,0.2874995470046997,0.08677197247743607,0.049272362142801285,0.08944499492645264,0.08442504703998566,0.31633612513542175,0.03507589176297188,0.05117392539978027
1949,0.274948388338089,0.10556641221046448,0.04768453910946846,0.09161960333585739,0.09523622691631317,0.2979736924171448,0.03569250926375389,0.05127854645252228
120,0.2731824517250061,0.10573568940162659,0.04735744744539261,0.09244400262832642,0.09616488218307495,0.29823067784309387,0.03560212254524231,0.05128265172243118
8192,0.2686184346675873,0.11258988827466965,0.0467253252863884,0.0927792340517044,0.09981986880302429,0.29240602254867554,0.03587110713124275,0.05119015648961067
9089,0.28395819664001465,0.09000866860151291,0.048480913043022156,0.09193219244480133,0.08792144060134888,0.31126657128334045,0.03491351380944252,0.0515185110270977
14221,0.2227581888437271,0.18693120777606964,0.04035814106464386,0.09684422612190247,0.13532108068466187,0.23383170366287231,0.03505031391978264,0.04890504479408264
16411,0.2799161672592163,0.09539525210857391,0.048168521374464035,0.09092846512794495,0.09016034007072449,0.3087145984172821,0.035492513328790665,0.0512242428958416
6628,0.28124624490737915,0.09171038866043091,0.04785558581352234,0.09519556909799576,0.09096281230449677,0.3067226707935333,0.03436388820409775,0.05194283276796341
13459,0.21266184747219086,0.20577922463417053,0.03888937830924988,0.09658493846654892,0.1424560248851776,0.2211049646139145,0.034534379839897156,0.047989390790462494
12564,0.2811521887779236,0.0962722897529602,0.04877074435353279,0.08863121271133423,0.08870571106672287,0.30966705083847046,0.035922832787036896,0.05087808519601822
24809,0.2936815619468689,0.08195644617080688,0.05093728005886078,0.09123414754867554,0.08065501600503922,0.3158164620399475,0.0344567596912384,0.051262274384498596
24944,0.28448599576950073,0.08836948871612549,0.04877486079931259,0.0902508869767189,0.08610609173774719,0.3157292604446411,0.035109009593725204,0.05117446184158325
12280,0.26966825127601624,0.11181046068668365,0.046904582530260086,0.09254443645477295,0.09915103763341904,0.2928571105003357,0.035855475813150406,0.05120864883065224
17511,0.2754981517791748,0.1054268479347229,0.04780912399291992,0.09124965965747833,0.09482766687870026,0.29817715287208557,0.03577873110771179,0.05123262107372284
11113,0.27857962250709534,0.09762189537286758,0.04800299555063248,0.09116841852664948,0.0913977175951004,0.30640745162963867,0.03558675944805145,0.0512351393699646
2605,0.2636371850967407,0.12034590542316437,0.046110328286886215,0.09375415742397308,0.10402941703796387,0.2851739227771759,0.03582853078842163,0.05112065002322197
17110,0.2418106645345688,0.15482565760612488,0.04312524572014809,0.09597092866897583,0.12114990502595901,0.2572302222251892,0.035677917301654816,0.050209444016218185
23846,0.2704360783100128,0.1118674948811531,0.047101207077503204,0.0925205647945404,0.09888535737991333,0.2922132909297943,0.03573228046298027,0.051243774592876434
13595,0.28697869181632996,0.08916917443275452,0.04925745725631714,0.08907920867204666,0.08530212193727493,0.313712477684021,0.03532332926988602,0.05117753893136978
5515,0.2523960769176483,0.1378374695777893,0.044594570994377136,0.0950128585100174,0.11295679211616516,0.27061980962753296,0.03585068881511688,0.05073168873786926
10452,0.28177204728126526,0.09369117021560669,0.04845671355724335,0.09042526036500931,0.08884625136852264,0.3101435601711273,0.03545089438557625,0.05121408402919769
7812,0.2831937074661255,0.09103340655565262,0.048628903925418854,0.09032280743122101,0.08746085315942764,0.3128741979598999,0.035288985818624496,0.05119701474905014
5265,0.2728748321533203,0.10584000498056412,0.047230616211891174,0.09199756383895874,0.0961061641573906,0.2988523244857788,0.035906802862882614,0.05119164288043976
26875,0.27857962250709534,0.09762189537286758,0.04800299555063248,0.09116841852664948,0.0913977175951004,0.30640745162963867,0.03558675944805145,0.0512351393699646
25189,0.2623312771320343,0.1245420053601265,0.04608135670423508,0.09349624812602997,0.10539967566728592,0.281239777803421,0.035880718380212784,0.05102896690368652
26355,0.045321881771087646,0.6242979764938354,0.00969897024333477,0.050659023225307465,0.19944387674331665,0.039706386625766754,0.013256257399916649,0.017615607008337975
15547,0.2820139229297638,0.09156535565853119,0.048422254621982574,0.09073808789253235,0.08811838924884796,0.31265246868133545,0.03528678044676781,0.05120275169610977
9970,0.27857962250709534,0.09762189537286758,0.04800299555063248,0.09116841852664948,0.0913977175951004,0.30640745162963867,0.03558675944805145,0.0512351393699646
14433,0.2885015308856964,0.08594244718551636,0.04942992329597473,0.08931760489940643,0.08384321630001068,0.3167726993560791,0.035005565732717514,0.05118705704808235
13967,0.2753360867500305,0.10287722200155258,0.04758884012699127,0.09137275815010071,0.09421055018901825,0.30157986283302307,0.035822391510009766,0.05121220275759697
3205,0.2685217559337616,0.11302758753299713,0.04698576033115387,0.09075262397527695,0.09861300140619278,0.2949844300746918,0.03628930449485779,0.050825513899326324
10717,0.3926076889038086,0.003899572417140007,0.04412921145558357,0.16272826492786407,0.023823417723178864,0.30940061807632446,0.009583871811628342,0.05382736772298813
2635,0.1902131885290146,0.24845966696739197,0.03542592003941536,0.09537307918071747,0.15739870071411133,0.19442784786224365,0.033087968826293945,0.04561373591423035
11065,0.2429421842098236,0.1534762978553772,0.043322302401065826,0.09575869143009186,0.12029314786195755,0.2582608163356781,0.035690926015377045,0.05025572329759598
22906,0.27857962250709534,0.09762189537286758,0.04800299555063248,0.09116841852664948,0.0913977175951004,0.30640745162963867,0.03558675944805145,0.0512351393699646
12459,0.27339059114456177,0.10585983842611313,0.047615762799978256,0.08972319215536118,0.09452454000711441,0.30177056789398193,0.03627582639455795,0.050839707255363464
17605,0.27929720282554626,0.09639530628919601,0.04809758812189102,0.0908917486667633,0.09065288305282593,0.3079031705856323,0.03555550053715706,0.051206573843955994
18995,0.2801544964313507,0.09686030447483063,0.04826745390892029,0.09050644934177399,0.09043045341968536,0.3069249987602234,0.03563445806503296,0.05122138559818268
27501,0.2876487374305725,0.0836293175816536,0.04866660013794899,0.09382535517215729,0.08564631640911102,0.3146335482597351,0.03409123420715332,0.05185893550515175
17300,0.29011109471321106,0.006418954115360975,0.025169603526592255,0.430532842874527,0.059080515056848526,0.11859644204378128,0.004926044028252363,0.06516440957784653
16874,0.27530205249786377,0.10249842703342438,0.04781924560666084,0.08963922411203384,0.09290409088134766,0.3048156499862671,0.03614819794893265,0.05087316036224365
24529,0.28925782442092896,0.08490318059921265,0.049516547471284866,0.08939095586538315,0.0833149403333664,0.3175070881843567,0.034902676939964294,0.05120681971311569
813,0.2077472060918808,0.21773210167884827,0.037411805242300034,0.1058703139424324,0.1534297615289688,0.1975182741880417,0.03153666481375694,0.048753947019577026
14607,0.27549490332603455,0.10139813274145126,0.047616057097911835,0.09202715754508972,0.09390556812286377,0.3027559816837311,0.035534027963876724,0.05126817896962166
25810,0.2734939157962799,0.104177325963974,0.04734523221850395,0.09257479757070541,0.09565149247646332,0.2999210059642792,0.03554443269968033,0.051291726529598236
18396,0.28203463554382324,0.09599770605564117,0.048625241965055466,0.0898946151137352,0.08933359384536743,0.30727389454841614,0.0356401689350605,0.05120021477341652
8505,0.26784196496009827,0.11390115320682526,0.046620212495326996,0.09278661757707596,0.1004648506641388,0.29128822684288025,0.03593132272362709,0.05116564407944679
20721,0.34033533930778503,0.026719186455011368,0.04842502623796463,0.12183047831058502,0.05505255609750748,0.3297414779663086,0.0225706584751606,0.05532534793019295
8002,0.28690361976623535,0.08723568916320801,0.04917890578508377,0.08957125246524811,0.08478064090013504,0.31604862213134766,0.03511299192905426,0.05116819217801094
2458,0.2829172909259796,0.09189742058515549,0.04859897866845131,0.09029087424278259,0.08784203231334686,0.3118879795074463,0.03535930812358856,0.05120612308382988
17761,0.2831375002861023,0.09480300545692444,0.048774756491184235,0.08985664695501328,0.08864220231771469,0.30800843238830566,0.03553209453821182,0.05124537646770477
1234,0.25721362233161926,0.13070517778396606,0.04527230188250542,0.09450333565473557,0.10925837606191635,0.2762681841850281,0.035854604095220566,0.05092429742217064
21407,0.2809777855873108,0.09624768793582916,0.04839739203453064,0.09029290080070496,0.08989855647087097,0.307331383228302,0.035636719316244125,0.051217637956142426
3520,0.275607168674469,0.103053018450737,0.047582149505615234,0.09238973259925842,0.09477032721042633,0.29968106746673584,0.03550921380519867,0.05140737071633339
20893,0.2845732569694519,0.08998594433069229,0.048573099076747894,0.09178563952445984,0.08774536848068237,0.31089216470718384,0.034902796149253845,0.051541827619075775
20218,0.28214526176452637,0.09575757384300232,0.04862666875123978,0.08984452486038208,0.0892103910446167,0.30757179856300354,0.035640865564346313,0.05120304599404335
26275,0.2687895894050598,0.11195775866508484,0.04674159362912178,0.09291674196720123,0.0996360033750534,0.2929374575614929,0.03581470251083374,0.05120612308382988
10574,0.1512807160615921,0.33232706785202026,0.02921869419515133,0.08876147866249084,0.17843979597091675,0.15020881593227386,0.02969755046069622,0.04006590321660042
24600,0.27009832859039307,0.11077243089675903,0.047281768172979355,0.09018760919570923,0.09710831940174103,0.2975172698497772,0.03625502437353134,0.05077924579381943
1145,0.34024831652641296,0.025283899158239365,0.04712086543440819,0.13173025846481323,0.05641324818134308,0.321232408285141,0.021471094340085983,0.056499917060136795
11125,0.2622373700141907,0.12237795442342758,0.045898180454969406,0.09368029236793518,0.10503944009542465,0.28376486897468567,0.035952769219875336,0.05104914307594299
21887,0.2887389361858368,0.08189670741558075,0.04930797219276428,0.09032204747200012,0.0826185941696167,0.32139909267425537,0.034529637545347214,0.05118700861930847
13030,0.25975504517555237,0.12913431227207184,0.04578404501080513,0.09378237277269363,0.10755881667137146,0.27719810605049133,0.03584190458059311,0.050945501774549484
26035,0.28434595465660095,0.0900055542588234,0.04879465699195862,0.09007392823696136,0.08668357878923416,0.31364020705223083,0.03525901213288307,0.0511971116065979
821,0.2769812345504761,0.09955023229122162,0.04776446148753166,0.0913110077381134,0.09256082773208618,0.30491912364959717,0.035698406398296356,0.0512147918343544
2462,0.2370927482843399,0.16252501308918,0.042449433356523514,0.09628076106309891,0.12472076714038849,0.25143328309059143,0.035570770502090454,0.049927130341529846
22449,0.23318901658058167,0.17237871885299683,0.04150817170739174,0.10156433284282684,0.1320587396621704,0.2349461168050766,0.033912934362888336,0.05044202506542206
1387,0.9109351634979248,3.5893107993865295e-18,0.007664615288376808,0.0005160692380741239,6.2335627111498315e-12,0.08058151602745056,3.753493160729704e-08,0.00030267442343756557
22051,0.25895261764526367,0.1271364837884903,0.045488812029361725,0.09444785863161087,0.10770818591117859,0.27947717905044556,0.035799890756607056,0.05098899081349373
23783,0.2894577383995056,0.08334803581237793,0.04851962625980377,0.09699889272451401,0.08701537549495697,0.3086932897567749,0.033420611172914505,0.05254644528031349
16792,0.2815726697444916,0.09282441437244415,0.048412811011075974,0.0905645489692688,0.08861345052719116,0.31145671010017395,0.03536941111087799,0.051185980439186096
6584,0.283143013715744,0.09113851189613342,0.048623621463775635,0.09029194712638855,0.08750077337026596,0.31281402707099915,0.03529722988605499,0.05119091272354126
13527,0.2742311656475067,0.10440637916326523,0.04744119942188263,0.09163596481084824,0.09509027004241943,0.3001174032688141,0.0358831062912941,0.05119460076093674
434,0.2753663659095764,0.10217949748039246,0.04755237698554993,0.0914723202586174,0.09397192299365997,0.30242905020713806,0.03581970930099487,0.051208749413490295
