Host,business/finance,education/research,entertainment,health/medical,news/press,politics/government/law,sports,tech/science
27997,0.26616729479158463,0.21244027744680316,0.23848085178787456,0.015338958301148913,0.03340575854784495,0.029088789822800536,0.03260839928722645,0.17246967001471689
9316,0.27355280126010756,0.08239701583576678,0.3574302602736961,0.02204485943913879,0.03233962266608444,0.0575434273972889,0.04103180145495793,0.13366021167295938
27045,0.5249762297323852,0.03371178267950473,0.3015466762440367,0.038492515587645826,0.02369666454007068,0.023431795645274676,0.019494802214129112,0.03464953335695325
19805,0.14265434096430718,0.05201710873019487,0.06391049998242947,0.594466744632241,0.029232178926148687,0.05310854926239562,0.017200816915303143,0.04740976058698015
26580,0.035716666162215964,0.33372175505125656,0.3521426104086848,0.020391110113041132,0.04688559120628994,0.09618750300659007,0.01205557229034036,0.10289919176158117
16886,0.11540314714807491,0.02629619897243632,0.6870010307200797,0.014003037170559672,0.025817088368021383,0.026154186273925177,0.014557621170141807,0.09076769017676094
27931,0.3508553459561441,0.06858616638383674,0.33848175603751784,0.030898942274586557,0.032363630917536815,0.0929463857541033,0.032149753243898196,0.053718019432376446
8977,0.29667372740247344,0.1898197835943292,0.2250026388505254,0.039987921446083784,0.030851151843594587,0.08898800998218293,0.028247378234289307,0.10042938864652136
20285,0.11766148330120879,0.09089803009692889,0.43761841510534816,0.039732886007667265,0.037311323743990814,0.07191185535674335,0.13169486590888732,0.07317114047922525
2427,0.14620418925600473,0.38314549504127626,0.20107921862502384,0.017902915944528693,0.025850592114915517,0.024197145620022523,0.024570043550956173,0.17705039984727228
1324,0.29669669833454515,0.03451023865721562,0.4862554310349661,0.01933229821670264,0.0605754004510418,0.03696830797398365,0.01963895807195988,0.04602266725958532
25006,0.3450755912735972,0.09693327771639831,0.19243256293793515,0.03620125321899717,0.03158988421998704,0.10018348581731938,0.031083502580694235,0.16650044223507157
13134,0.48743451316000935,0.056345034994418904,0.1587330934970538,0.05568896393165922,0.04838240082981438,0.11830591076606173,0.025602949869872344,0.0495071329511102
11834,0.5950572389198993,0.03228579668428932,0.17136000501983337,0.05214787635680761,0.028978211834932516,0.03777710907863227,0.027285089394337554,0.055108672711267945
19930,0.3597380894698422,0.1332422744071239,0.15520683366053944,0.035347783103209206,0.030676673178556095,0.1720633348147305,0.02867738104945254,0.08504763031654611
12212,0.22651040487998672,0.029833552796745898,0.33517514464205805,0.04847716026390784,0.17827049908937245,0.049469409270405926,0.02146829585373932,0.11079553320378378
14062,0.02135111606836002,0.010761616723036799,0.02345029937572392,0.0050685179129245014,0.005995511747351506,0.006399651173994599,0.0038193015063173654,0.9231539854922912
18965,0.2796570550955019,0.056987185232105976,0.3556243538242469,0.019060486652124103,0.0355644249235962,0.14593925798149235,0.011575657440858521,0.09559157885007412
10744,0.37344151869738,0.04041635631410514,0.20077743286157904,0.04938803734929623,0.033017428034580236,0.19461840789827417,0.022975440730668283,0.0853653781141169
20664,0.22060684236403094,0.07910574417583893,0.42075607248757146,0.031731125582436855,0.03399173193461706,0.045385092457652945,0.12062875785200726,0.04779463314584464
17021,0.10617082525186522,0.04310195879252166,0.12688446203883025,0.018500324691201175,0.04665992100716443,0.026285102818095152,0.019390373686453497,0.6130070317138687
8212,0.2719291417275152,0.07744795468149439,0.40846505835311,0.017115531430301412,0.029253194780526855,0.032339487652268274,0.028847879124329824,0.13460175225045418
20736,0.35753215494218205,0.0455494582485107,0.3108219963313017,0.052431087959792635,0.053080738013824576,0.04696985596226521,0.07140265997012821,0.06221204857199499
11963,0.15505485577525305,0.09291790757924868,0.5815220111772044,0.01813137396244851,0.035091384367157794,0.03209190397516963,0.013013286438293978,0.07217727672522403
12970,0.35333271634220026,0.095326228035983,0.2508281751017785,0.027457644546416284,0.033970927271656806,0.07583121991609901,0.012572768392353996,0.1506803203935121
19053,0.718647852450276,0.024876030953907943,0.0977553296774057,0.011412045793906794,0.03353146193132816,0.02614382922602981,0.013870165398809566,0.07376328456833606
20877,0.053077735711507895,0.02564712587575668,0.06250399386343372,0.020324024521886853,0.01257227569596897,0.7946674953349748,0.007404646937641382,0.023802702058829738
6688,0.23876025135482074,0.05705479082709184,0.15758130197644651,0.020621356424413897,0.17382800183583347,0.04879381047980788,0.2446547264179755,0.058705760683610116
1485,0.176905251581917,0.04225099547336766,0.2565586085984612,0.029708312028241247,0.0333146900736278,0.3923529047790084,0.020204713312369456,0.04870452415300731
9915,0.04733034800743198,0.024986599816003097,0.8632621266007554,0.011965111168024059,0.011446350560012615,0.011044337464558213,0.00882753227034537,0.021137594112869366
2785,0.17997133838218884,0.057030455795689695,0.5229518622975038,0.027127152115103158,0.057232542855247474,0.04179167660287023,0.027282472121984664,0.08661249982941222
20128,0.059333696669826685,0.39458521637351646,0.18601194120557396,0.04094006964933441,0.025107891210363734,0.07786052725241097,0.017038683647934434,0.19912197399103945
12295,0.5571322055226093,0.0562426970338957,0.13479419353774028,0.02167993373093438,0.03196898435880931,0.06048935795571975,0.014452138138842328,0.12324048972144881
14567,0.3097865948819906,0.0580515692927165,0.3789279802525831,0.031203519299035278,0.04169728519360942,0.05526054599507091,0.02428433717580395,0.10078816790919014
25052,0.3622993880126979,0.05863017410483389,0.3989157348783609,0.01703830915994429,0.022311158683908372,0.03784453939710728,0.02165321375266003,0.08130748201048732
25689,0.5095351090610991,0.07266268951511476,0.2019498541983831,0.037165429612429496,0.035071193382507575,0.079646926453116,0.02250126681272203,0.04146753096462788
18873,0.15496701284568554,0.3391011011149348,0.28894744030981345,0.013550406564260226,0.029671849577820375,0.020847931799665088,0.02250692821515131,0.13040732957266912
18451,0.05444148795091071,0.03416656997087311,0.5425885672790516,0.01249822626733464,0.0326612478970676,0.023477780914897304,0.011853066101696242,0.2883130536181687
8422,0.4571233225124001,0.06455224570847311,0.227979129171154,0.027994542246349518,0.03738770434264798,0.06733858739525615,0.03367642312964022,0.08394804549407897
9199,0.05610970660749532,0.03656034540237512,0.07267390903958129,0.011864807145843391,0.018984285048022017,0.01818789793089246,0.015425495551052309,0.770193553274738
9941,0.31768947877335363,0.030562358359822274,0.13686418749694487,0.009155169220160225,0.018738371279205156,0.016222870032537494,0.020338316151503534,0.45042924868647266
20517,0.2777761368506708,0.030718940722501458,0.5447019943432932,0.023320802276366563,0.03001633275654191,0.027433288579560653,0.016777945436095783,0.04925455903496955
12718,0.46031262728055583,0.20141191942537442,0.12640747272366715,0.016646512351756352,0.043215695800563295,0.01993201783415891,0.03566420659062592,0.09640954799329804
1681,0.32371780882329965,0.04412415917581733,0.47244566391564685,0.0255386362973858,0.038267992690790245,0.030072724067635854,0.02155762988462881,0.04427538514479544
4828,0.07844305078286438,0.4333556023933573,0.043466537180683544,0.03420276676672031,0.01861736528315633,0.14528112180307254,0.013760978945430883,0.23287257684471482
22986,0.7096049994975997,0.018493086672987043,0.06477737635819016,0.023701469287566196,0.016506667102515533,0.04577973631186514,0.011788560028148634,0.10934810474112755
423,0.19798422272522848,0.03175262117434359,0.6626472372128608,0.010678817207636644,0.027551383315841487,0.019885007814790384,0.014691658494666575,0.03480905205463194
19294,0.16194703334374486,0.03395570352464455,0.6941267415513293,0.01716583124420869,0.033517088915561585,0.02037041595816673,0.009616611143994088,0.02930057431835017
6354,0.19856398231190825,0.06949243108123238,0.26337761613239097,0.055725881796126475,0.1915468661348499,0.11543882335231018,0.02585248686602686,0.08000191232515498
4086,0.4798326487434411,0.07167546053684655,0.18788484474470887,0.016146725656771707,0.03529879445366582,0.0336558636355564,0.03863427535978649,0.13687138686922307
3146,0.7286703669779507,0.018240873472987633,0.12807453471594782,0.013781964030944248,0.0215461454820279,0.015907373379965412,0.016754298376099083,0.057024443564077126
8759,0.2796570550955018,0.056987185232106,0.3556243538242469,0.019060486652124103,0.0355644249235962,0.14593925798149235,0.011575657440858526,0.09559157885007412
1358,0.5947979586428028,0.029215547626131926,0.1723425303784187,0.0268058091096869,0.053718900520697985,0.03446028134999882,0.020667056150573248,0.0679919162216896
8466,0.32827951529411153,0.06796221524272289,0.11442182298740627,0.04472133009053761,0.04391055684335714,0.3312419783754791,0.014352813225000774,0.05510976794138472
12664,0.34095580580725454,0.06231305880080976,0.21944243940549324,0.01883069944777429,0.03828309427093006,0.04649443395691494,0.021415264694187974,0.25226520361663524
13113,0.29127715242763563,0.11195452112260092,0.08634475980134265,0.03502490633202426,0.02530477254632998,0.36894043516839525,0.016035357295908905,0.06511809530576242
24532,0.5794137939267088,0.047396059064404535,0.20298605684222687,0.023653395588770828,0.02167818730434866,0.038362965540569005,0.01891168863925628,0.06759785309371506
26881,0.33853264941502265,0.07936343021406182,0.19570165390600974,0.04046515956171403,0.04250994805855616,0.20939582647757332,0.015687252892882333,0.07834407947417987
20970,0.2726945325492373,0.0771900060995226,0.19157102291658737,0.052019272070428814,0.03141111596844183,0.2700346938913182,0.021176645705744446,0.08390271079871936
5951,0.2666707675008307,0.06097851397408744,0.31336746398751947,0.03534438012388095,0.025641406492096567,0.19473637346293363,0.020730225614052127,0.08253086884459913
2547,0.02993878930035206,0.016434580225924207,0.9135048535985761,0.008526768055217428,0.008630051530531643,0.00654518470382088,0.004905059662112214,0.011514712923465429
254,0.3456140413441978,0.03246622469650776,0.42883583876710496,0.02408006661817754,0.03456169646255829,0.04600007225209938,0.022750021565885434,0.06569203829346872
9824,0.6457592782479165,0.0367691507547234,0.18782830220516045,0.009294936190752093,0.028646176269024364,0.01720790021874244,0.025307228558498002,0.049187027555182866
27314,0.14122730476517462,0.33366708081320107,0.10528578326441704,0.022457536197443242,0.035903693072926735,0.06803191056539584,0.018688016371205204,0.27473867495023624
13643,0.3956709805923545,0.09331413558589123,0.2247406848170817,0.03312532017010547,0.040065717774870134,0.050442022890313576,0.023238176553561224,0.13940296161582216
7998,0.328608169812939,0.07345353952617653,0.09515228432726315,0.06519348199688353,0.06364270394651321,0.12296635362226233,0.014305887486097851,0.23667757928186436
6742,0.6768969124288435,0.026269288488692377,0.12908848026057698,0.05996218345930861,0.027224831012315716,0.025625608466956228,0.017228882579551217,0.03770381330375528
25525,0.5383119697122238,0.047858737853484296,0.17613135483803924,0.028794588325051787,0.033485136158711695,0.04436709911411412,0.015534318638835913,0.11551679535953911
26065,0.11040232261613413,0.374824293393182,0.09200560685923713,0.03766924864126444,0.06091359472532781,0.13069624783409658,0.01885776859097059,0.1746309173397874
997,0.06351205087585857,0.6125657477576604,0.0753777557135628,0.013990653166080625,0.016508100503208948,0.04742365895615559,0.01129440039753705,0.159327632629936
12263,0.6784997774143713,0.024849507619452177,0.07888571737502573,0.009743133669444,0.012419261342349044,0.016668361278134126,0.014936773846684645,0.16399746745453903
61,0.2166820179081128,0.0997659283651359,0.24864487406891822,0.044669804204870045,0.0483933142967335,0.24736181020244508,0.02751474183315503,0.06696750912062933
25885,0.014546430447846558,0.009934199235547288,0.024095103472559495,0.004637162473048726,0.005489159466423655,0.004934032351135832,0.004065755166274696,0.9322981573871637
2671,0.5121486255370721,0.03857478037640438,0.1716597513235297,0.03919521258948736,0.024063440171612435,0.11785097433490935,0.02039429035839405,0.07611292530859066
10244,0.35028980752383077,0.01576846155047824,0.4282498517878054,0.03049925967375344,0.06815644364503438,0.03472008901551286,0.014545874560889132,0.05777021224269567
11011,0.7389897817198866,0.03329669863214673,0.05643991149514509,0.02940822835745814,0.017795619998070368,0.07665475710398767,0.009195483420519443,0.03821951927278606
346,0.01090399085308838,0.02785865763232431,0.9194043289241283,0.0045006587555972,0.016453406143903872,0.006974940464620664,0.00524690790928995,0.008657109317047437
21405,0.32019891114546395,0.054120684341676335,0.3040140477105753,0.041816217051715114,0.1015467726253795,0.05978224244619577,0.02495777921284228,0.09356334546615173
20226,0.13334310630928178,0.304937489222557,0.2236119008286054,0.044992110208962564,0.028624396279517038,0.11110176446727925,0.019172746278185264,0.13421648640561176
24838,0.4122622638056634,0.061999834779202116,0.23661113256209226,0.045811410797027406,0.028276473438544683,0.06450957919497162,0.029527627758803656,0.12100167766369482
5742,0.2384573338961489,0.2280975275627527,0.2771699786766208,0.022715425468987523,0.04108652222771241,0.0744706603453575,0.021040000087445897,0.0969625517349743
4758,0.3004421515886603,0.059516118392368464,0.34444758907981443,0.04065389068678449,0.04370923748491626,0.10596150224819187,0.03141148002780709,0.07385803049145706
15401,0.6214079605197439,0.03195483056096904,0.2022621999421572,0.01889470326088584,0.023433718107675115,0.026921374864367898,0.01823026711664657,0.05689494562755441
10797,0.48562064280018136,0.06535419264083289,0.1592412006848472,0.014893534857460118,0.032078795024681535,0.02312419873206051,0.026264148801255226,0.1934232864586813
21942,0.11903514053537424,0.09888532843696346,0.13837851931080944,0.35785540394024495,0.05822283342643006,0.12502809449198948,0.024481064756893548,0.07811361510129476
23539,0.5675962453869929,0.0367671553083559,0.1748486321309341,0.02778915730030692,0.028606181210249937,0.07997121184470843,0.027254231200470252,0.05716718561798159
4098,0.07519503442841166,0.318828293029025,0.34099142578345615,0.024715032038005305,0.0425863798643885,0.0890299609996097,0.01594151043784664,0.09271236341925689
18289,0.43714407336704536,0.09593071778006296,0.2529307627379549,0.043308812941205005,0.04212123284758988,0.05027444235402258,0.019950840210803997,0.05833911776131524
15969,0.05455363435151192,0.022663059082654164,0.8133164524665543,0.013942315185225113,0.021043838965405334,0.019221546369078638,0.011856578231058179,0.04340257534851244
3905,0.08975414360099664,0.3470443699041333,0.15240501084851127,0.13023057869735533,0.03873227500526592,0.027232860761665784,0.02063583586388592,0.19396492531818588
21989,0.17935880885556518,0.06145128240605306,0.4932943955841064,0.03684730427650022,0.029364365327152996,0.06956329396452798,0.054680536746586274,0.07544001283950769
26547,0.2784934350340966,0.04546694270564058,0.37096585380753333,0.029584482192811467,0.03381968364475663,0.10371932407996905,0.014417921130434592,0.12353235740475778
25153,0.15259433736126404,0.04168653760147354,0.3322753417576425,0.02337003665159374,0.2430013678457876,0.0922952114614866,0.08564761761584434,0.029129549704907564
9706,0.09858567132467184,0.03252213265582137,0.7147366518299931,0.01503129863510692,0.053644762634043795,0.018109819160785107,0.011438983223157334,0.055930680536420585
11655,0.35979076389633086,0.06434246770341259,0.3604773183122333,0.02607808181110067,0.027996927244215215,0.04991729325161159,0.02089375760506099,0.09050339017603483
10887,0.4130865890725211,0.10692598874748738,0.1876875153091872,0.01911407757156682,0.029018383615420976,0.0402753729443644,0.02496668502990522,0.1789253877095469
19087,0.3035490257221161,0.0676204357801985,0.2546456788764208,0.030542901684066898,0.03310473230827262,0.07264374544748439,0.022955535027576544,0.21493794515386416
22570,0.6075382224655796,0.03604679881837543,0.2244698720772552,0.01352338959652962,0.017958072447296455,0.021582934920226393,0.016807401549706173,0.06207330812503117
16588,0.6861988064560561,0.026044430689785927,0.1202280391594484,0.018252412292513787,0.04974700153572556,0.05645489264740341,0.018896082932074426,0.02417833428699242
19524,0.3296330444743352,0.0983349376553726,0.2020952678197133,0.058946870022590594,0.027099700511482482,0.04149768989382774,0.01801370187014263,0.22437878775253542
27327,0.12610695085909857,0.3611459382315218,0.18726897467819,0.022556612393498876,0.031346156882567415,0.0843333412826918,0.017758875292538702,0.1694831503798929
9802,0.18623793879383183,0.05569285053372815,0.17221807860814686,0.12374453545540753,0.06066714762058716,0.2977626508133614,0.021956522687139334,0.08172027548779762
15658,0.2840356673288981,0.27112942957951175,0.10505166494278556,0.03142573911045274,0.03136165875974669,0.03516270350169813,0.01942829419928823,0.22240484257761886
26686,0.6608938809184298,0.028843286409417794,0.20630126275407226,0.02239890892321261,0.019267069179398487,0.021087216914941892,0.01398646331741032,0.027221911583116633
27649,0.16093274154127937,0.2003459772831179,0.3351143875804891,0.020372940573911726,0.02855848283363134,0.11441705285874774,0.02164783595409453,0.11861058137472828
21404,0.21823487645259643,0.1890165351255031,0.20347394732518867,0.024704814749059147,0.027898839659990345,0.12133529320581447,0.06249125138080959,0.1528444421010382
4928,0.2769171690292468,0.14648545697241816,0.19129189438564667,0.012735436264275873,0.03640527098088406,0.02201865755845521,0.03098912998612236,0.2831569848229509
8701,0.06771995293455793,0.03312233724351906,0.045683267436762515,0.5739825486491063,0.02887620751088285,0.1966479429275647,0.012696568366190012,0.04127117493141677
9444,0.1159898897459284,0.08536409620387721,0.5987877495472614,0.010803645996436182,0.03026891500364485,0.01429306781938809,0.02445163455884922,0.12004100112461456
21570,0.14493328104157457,0.08012610962548418,0.19303005145645669,0.41078316290058176,0.039524522155173894,0.03774293568224943,0.020463576621573484,0.0733963605169059
6154,0.021586645662174,0.014861134422476989,0.021729397503855864,0.0054674244289677565,0.006721556962632029,0.007320623687068465,0.004340870133562566,0.9179723471992624
10861,0.35333271634220026,0.095326228035983,0.2508281751017785,0.027457644546416284,0.033970927271656806,0.07583121991609901,0.012572768392353996,0.1506803203935121
10233,0.21202294489902318,0.08036887166506416,0.33673930770184046,0.0947718916073981,0.0639701389073041,0.11912642349939528,0.0240228832161552,0.0689775385038194
6066,0.2446245483552928,0.11846744312901882,0.19647634928433705,0.06356572191208112,0.0471460770071828,0.2239989749364032,0.02985213948777502,0.07586874588790923
18155,0.1390357483316175,0.06683156529592518,0.3840377164612515,0.07630374714742677,0.02934653445719533,0.07913505704458916,0.027814577809844452,0.19749505345215007
6871,0.5568209682300289,0.09471817086159362,0.1787766052113304,0.02593397264013488,0.030133126654053585,0.04072892300069567,0.0273655880730196,0.04552264532914344
3553,0.09553892452837018,0.10131307384316612,0.6173570793652161,0.03327728060439808,0.030246173426879176,0.07892378065458915,0.011677636196242949,0.031666051381138254
16463,0.3487964218623273,0.03339116662522868,0.18105207374416066,0.023291333396222365,0.027691263437703038,0.0478415762317727,0.018036591931674444,0.3198995727709109
25967,0.23570346842711123,0.07865155212591197,0.18205534401457665,0.00987721770838015,0.02656665892838418,0.01806518757818486,0.021117242141104733,0.42796332907634627
15172,0.7303787361409004,0.024353490392988286,0.122300723766622,0.015923468269033247,0.016063878621281467,0.029026013177016457,0.014531687433557249,0.04742200219860077
2591,0.21562639099429093,0.0640151671118816,0.5495439381630359,0.012855797841793479,0.02793996723581836,0.0184002313310894,0.025077625715655655,0.08654088160643456
12863,0.4874627666822144,0.05629762059875676,0.2573418514751608,0.025274887159407147,0.021946676958892224,0.04986763526035448,0.017380837210877447,0.08442772465433673
8090,0.0721721167656481,0.04454873681384894,0.06284104314816417,0.01924519504214997,0.019945955525700325,0.7536980903117796,0.01010767186318752,0.017441190529521457
21348,0.18249698664522074,0.20350906371990038,0.1825563595021945,0.05212463458226182,0.044607770479279295,0.08067456078566132,0.027380991084140573,0.22664963320134143
21588,0.1145910031339646,0.06844478161013132,0.6037660136451365,0.024530267105632518,0.03053343262719536,0.0741547365730724,0.01860123787495524,0.06537852742991207
23497,0.4180721380003004,0.0785246895335951,0.1942624887704746,0.04619183958695488,0.1004571153444875,0.08090985965674205,0.0209397353648738,0.060642133742571706
11245,0.8055417622927676,0.009865143432039897,0.08798385160545649,0.0065507636061844605,0.009928300995422381,0.011291215795710428,0.009449203769056905,0.059389758503361804
19097,0.5066024386683546,0.052243338575684646,0.13724568912585225,0.010516104017415907,0.02437344899980145,0.017226295213339293,0.024565468115959936,0.2272272172835919
9062,0.19938764081038268,0.19856955522458702,0.3116477694701106,0.019283620054995208,0.03473444468435247,0.08612378065329566,0.02863025996882607,0.12162292913345035
11896,0.23633625161679697,0.04808941585838978,0.5096766821195341,0.03507694218279615,0.027706578931612637,0.0773325766913189,0.025301906000805282,0.04047964659874615
11336,0.07926653638320756,0.014649117224379258,0.8335437076643736,0.005058588199266095,0.0160944182062339,0.006629527047063903,0.00874384027305464,0.03601426500242105
14563,0.24117258892280874,0.08147265931920471,0.39295848727970617,0.027960502112823266,0.03759512401711217,0.05669193122812509,0.03276645301777227,0.1293822541024477
7410,0.7227488543138922,0.02650262197305855,0.06151505932935232,0.01800139835323447,0.01882715487327379,0.11241683013960643,0.010609926695383767,0.029378154322198587
19408,0.17692510774693035,0.056526599042975516,0.16506673252200274,0.024616377511865097,0.08360846665902769,0.07573799153146402,0.02248066689678083,0.39503805808895376
2586,0.4768116237534712,0.07311366363925358,0.08336300187465011,0.03000958672455238,0.02569793243181604,0.042277753208394254,0.03968227356761916,0.22904416480024345
15151,0.1363836097386463,0.0629468700711028,0.2932914535489199,0.028360188398919548,0.023690135162091296,0.05938797651312315,0.02547107027412259,0.37046869629307444
3504,0.09603900749721297,0.11124299098870608,0.42757170931115196,0.011312327745757043,0.02702739479019741,0.020952483688744694,0.029911968851417385,0.2759421171268126
10419,0.15488087467239917,0.13489945949730756,0.14307748062464598,0.2071313514519035,0.04029293306282692,0.18293766442508175,0.01937401460953052,0.11740622165630461
17618,0.19468305910380063,0.1310859407175779,0.3931136302588565,0.011224264952070106,0.028656310469276056,0.016290750321944276,0.021174941604694807,0.20377110257177988
13560,0.43285573838626934,0.03196837069909938,0.31350382731046084,0.019966645207372485,0.03313308963829063,0.026695569192342228,0.02119794522575,0.12067881434041501
13984,0.02472777889300915,0.10330996436747537,0.04735383160978756,0.019797105249522516,0.01459323470389174,0.7512991096076226,0.007082031889088394,0.03183694367960253
9819,0.23321161069771132,0.24983932635084755,0.11265462381583367,0.011728097330873299,0.027049766782216135,0.029161164252354606,0.020235413987956117,0.3161199967822072
23949,0.16248697768846254,0.056892263403125136,0.6141643262448573,0.01531796067379474,0.033289175449367325,0.04388763132057484,0.01672278661680941,0.05723887860300878
15002,0.06547131011834967,0.1410294269868405,0.24389313049154046,0.03906459974964196,0.11292033430137785,0.046906452326479886,0.015611083743524296,0.3351036622822454
3875,0.12956107158711058,0.07349211940901912,0.4254352809405869,0.039190666000596314,0.07676769778613403,0.0784293662028277,0.022471196037752585,0.1546526020359728
26471,0.3501130544777355,0.13686056239488795,0.2767649333232403,0.0435359775924163,0.025913556473544062,0.04577134946061276,0.033675376278652344,0.08736518999891078
19885,0.2771931796622078,0.09723880359946686,0.3035127703113593,0.04222351842953672,0.03367788967375239,0.09235547203669395,0.034332513092537494,0.11946585319444547
5756,0.23770215498816025,0.09270149053323809,0.33392771752548434,0.107418023312665,0.03695101723550031,0.10910020024117384,0.02431010745599946,0.0578892887077787
18070,0.15945743391904016,0.05646838067976061,0.36680216822341255,0.035698168193881274,0.05699153991713758,0.23434550521970912,0.022069203711331427,0.06816760013572722
6783,0.09431390703312285,0.024143136415349313,0.8018830802130189,0.004767238811717264,0.013482805912944299,0.007929401118075179,0.011819863552259596,0.041660566943512695
15975,0.38070928430241063,0.053048521210030355,0.19265796470477323,0.04094804781470902,0.03339163041718754,0.06756151195158533,0.026333895201667873,0.20534914439763605
14779,0.7551466583325237,0.01542685931978713,0.08032197541072611,0.06803534439303538,0.017743110325777724,0.03551695584408158,0.009316173940513234,0.018492922433555027
19237,0.11448048273047813,0.060090724431382775,0.6557754798601485,0.02979314205448694,0.02790953841148566,0.04856664678715498,0.02162428548604559,0.04175970023881741
26473,0.5161465225815216,0.04861222686251713,0.14279339132572066,0.00863588422645397,0.03503676580195624,0.015449732217088825,0.025235628465061572,0.20808984851968002
21311,0.2708332099926114,0.05576137834956485,0.5219814796053039,0.019390288162151097,0.03408478512115408,0.029138722957357324,0.019423141859370694,0.04938699395248656
27551,0.7060103211283435,0.024232962504982317,0.15456086250639306,0.015025910824859353,0.020573344297053826,0.023562646653974707,0.022755172026177415,0.03327878005821562
2705,0.10200593410962835,0.34678580288406824,0.06668482710203714,0.040218207749264205,0.03542233135839109,0.08433427524560384,0.01981538614851809,0.30473323540248903
12514,0.16227332179806261,0.13694115524523146,0.2809506908759792,0.024322349837506776,0.022794220846429576,0.026487526628025292,0.022334380201627056,0.32389635456713806
26485,0.04288921578209522,0.025761178931220867,0.05486932670706544,0.011452689753538296,0.011508185336375413,0.01882277374720667,0.00944262934167128,0.8252540004008269
8906,0.09604285100150015,0.04983155082565053,0.04026161074639952,0.03859995914940957,0.02832375077703037,0.700977155322732,0.014278898902463083,0.03168422327481485
674,0.11780345302868875,0.4602629758596435,0.21913956968008247,0.011652394837686668,0.026235135329508996,0.017637252760520326,0.023049510292031557,0.12421970821183778
9391,0.5947785809250916,0.048595673778968326,0.08437031842175641,0.02478360949558375,0.022004026360654974,0.07627573131822869,0.013990958705401749,0.13520110099431443
7712,0.15797151447140043,0.10414325124318898,0.43142621007148424,0.028997448596989186,0.03947196739163309,0.10472941529964676,0.029952890540160145,0.10330730238549714
17681,0.2200778227601305,0.02311055229080166,0.6330256373690157,0.012455999778315529,0.023676450577748986,0.05395270825256008,0.014371666541768904,0.019329162429658524
15221,0.5572828307218497,0.04399356019492321,0.07407053239639044,0.02267242454942643,0.06707434857006339,0.1815061401048606,0.01602874184137096,0.037371421621115335
11436,0.7706409792370733,0.02548894063224174,0.09636569804700709,0.01711816093611154,0.01565474937515043,0.028969977276992163,0.016825290218551742,0.028936204276871966
23356,0.2703133288837704,0.06839805821247175,0.44468029096344613,0.026648949863054636,0.028209968376485327,0.06683138096845698,0.029537963112714644,0.0653800596196003
25632,0.09418258713015669,0.06028137128445355,0.13986823688864175,0.029046973165891752,0.032134817995850266,0.5933009190875103,0.016484644163537527,0.034700450283958045
11684,0.08304284095187278,0.27659149672799294,0.08313964047785567,0.16926889949156917,0.04062720431996217,0.07058237941515855,0.03371990872126179,0.24302762989432686
14883,0.24469903639658497,0.10943607201622285,0.13544890364392564,0.053599171439295185,0.056104348560986755,0.2096476640583184,0.051119844127230404,0.13994495975743573
20302,0.09011693246593834,0.14340046676572163,0.3525699567204918,0.051145924663613694,0.08914328811870613,0.07490953791322807,0.020218358211586872,0.17849553514071337
21899,0.08876946395027148,0.11369566420576117,0.5379783313561406,0.035811018745713415,0.06427987494594756,0.04724868975238,0.030542855668968995,0.08167410137481672
15954,0.2868182900993586,0.052975778855033163,0.2578289331042805,0.043093390820371884,0.04044383752898113,0.21839912731447364,0.019398875738007783,0.08104176653949334
16830,0.2690090802145694,0.09911064702841464,0.34644961523224943,0.05334008042797733,0.048615661591441296,0.06192223369484642,0.022588747780803994,0.09896393402969758
12111,0.40523590178097274,0.0737278522535435,0.23298984430045244,0.07765920840696504,0.029185123330067782,0.06923828885777501,0.028073120667887422,0.08389066040233609
11862,0.21359081721515216,0.19720052690594012,0.17940991268598502,0.0515980339615018,0.055300144482105296,0.15074234796913882,0.03471779747435323,0.11744041930582343
26342,0.4136961751232318,0.06224628228215263,0.2973012294704051,0.02341150754572711,0.029129647829240997,0.04306263405695966,0.02998029292230143,0.10117223076998126
11683,0.7819941988915757,0.026272110491392605,0.07929270400110958,0.018291531030216135,0.01678477610273778,0.04230818559916788,0.010684480835601695,0.02437201304819855
20741,0.05075388617340472,0.3427125306318937,0.08593765292165603,0.026711873940930986,0.026616304714262667,0.05035710741140338,0.019191310869651947,0.3977193333367965
3927,0.0349446765958746,0.6030881347641587,0.0648725176990491,0.018972946372221338,0.01965035819286921,0.14780410740429586,0.008888036024195614,0.10177922294733571
17864,0.7056173366299103,0.023145665698823925,0.0732278219678711,0.021409101491176162,0.02694902324890468,0.02264419337516293,0.018595558532554013,0.10841129905559702
21896,0.04591707482648783,0.3893407507586012,0.0437882998899034,0.03631997483803173,0.020223513462627206,0.03101492088048239,0.015276148322267032,0.4181193170215992
13268,0.19959732064438307,0.04207706652748032,0.47484398783835957,0.036420091617478216,0.07134952316738204,0.034090351946125454,0.06331872009915523,0.07830293815963603
2521,0.27615864804029927,0.08246311694634954,0.4287018429613858,0.014011127126876863,0.037141346257750806,0.024935736995513998,0.029197620344577218,0.10739056132724652
27553,0.3628400288061921,0.06202707147838027,0.11212105410877864,0.026506550066211866,0.11821428757242758,0.23218226068009787,0.019971564181823366,0.06613718310608832
7341,0.4568952054610614,0.043758507150251334,0.300086407881114,0.03698346435553403,0.026772075507438483,0.03807192329506776,0.018147139457871164,0.07928527689166177
17027,0.20575509031330583,0.070776850722162,0.3312176174441276,0.042081825139303565,0.0876011897907391,0.10583792059878896,0.03159487635945526,0.1251346296321176
23178,0.3059278498517115,0.10126580104392041,0.369261614485065,0.03344209275489209,0.03977623942278162,0.08309332665556664,0.020332915494194557,0.04690016029186817
17738,0.07795599119559177,0.11735566192146576,0.07711796362017818,0.05276773901953858,0.02452459856802267,0.5753392172087884,0.011212043930865988,0.06372678453554866
148,0.6417733958530147,0.04764376981867827,0.13108719403799712,0.014942514103073611,0.05339986874257107,0.038837088785379226,0.01793801365818476,0.05437815500110127
9508,0.02846800629960064,0.010265774618096152,0.9298433041464695,0.004219678091745042,0.009520094323198416,0.0037192110920244398,0.003898931079957562,0.010065000348908218
10373,0.33520748865619254,0.06883086758607596,0.26700032882063673,0.038177958098582425,0.054167603483360485,0.0660771570348815,0.02393131547846805,0.1466072808418022
25597,0.06604147434860055,0.07778433758391491,0.7109086414031629,0.02501154902140205,0.02998497900089687,0.04432596095228211,0.019357866317209114,0.026585191372531472
16300,0.36758370364149223,0.12025294455943623,0.09793617787858323,0.044362255495257026,0.02848839679951625,0.13415710755263388,0.024673468286171018,0.18254594578691016
27369,0.16936499300309707,0.32166461670112884,0.19693358527974997,0.03571158491303077,0.03238630401297913,0.06478899969279393,0.025935177697446906,0.15321473869977345
23931,0.26899649530303227,0.07130305305915513,0.24015352320240074,0.031495392725613504,0.04941784620018324,0.06052123256248204,0.022424252249997594,0.2556882046971356
2811,0.22890650505719487,0.05223969428942215,0.3200487743527734,0.0907224912812368,0.025724566313256134,0.07036277571278422,0.03168704282364936,0.18030815016968307
27886,0.2796570550955018,0.056987185232106,0.3556243538242469,0.019060486652124103,0.0355644249235962,0.14593925798149232,0.011575657440858526,0.09559157885007412
11216,0.021707884349387,0.011526382433663905,0.0203965068478579,0.005523083328362361,0.005567118305828452,0.0068639748271668915,0.0036980353338940627,0.9247170145738393
26350,0.23850044579392546,0.05280904758505229,0.5179019983048085,0.010645648906052326,0.023053553282657655,0.018617827039091563,0.021239022393016546,0.11723245669539552
18496,0.42140107312528324,0.05525238510108949,0.27346771265281733,0.029059540728102736,0.03540043866554245,0.06820398904221028,0.02065729669429972,0.09655756399065482
11059,0.33007433256093494,0.05696674445267685,0.3224631279543276,0.021231863242353773,0.03954958529440603,0.11887786128378008,0.01220978848198527,0.0986266967295355
3724,0.2712490541942164,0.05656944708602155,0.39665961695141294,0.07625089408115848,0.030163063656731274,0.061073951439331545,0.02290454046981652,0.08512943212131116
23381,0.8540900030787041,0.015618822967812867,0.04896825944570687,0.013066779943466859,0.012273494986223033,0.02703511275292126,0.009053970699245083,0.01989355612591999
21234,0.8698503588035843,0.014366809358680701,0.03943628712903052,0.010382722494163209,0.011491334988023917,0.019996269643491427,0.008432596385939956,0.026043621197086062
938,0.09285936956736596,0.30197857665651595,0.06821861097875814,0.07029258304868001,0.022190919846994648,0.06368370512221555,0.014928985356385134,0.3658472494230846
4334,0.2692659640558175,0.07526237673744329,0.44309231527726195,0.014556682909402704,0.04080755329897348,0.03767004825872455,0.021668630588919307,0.09767642887345725
4069,0.13178198651729145,0.20337503513620508,0.39818918516509066,0.023859097976580198,0.031886368607453,0.04817197403945347,0.020674064080067313,0.14206228847785882
24307,0.33132618837719446,0.0639216948716254,0.3017487469754299,0.04540868607367059,0.03550005102780722,0.0628165220628449,0.06308139341862613,0.09619671719280129
22936,0.4492067693467962,0.05696934442309913,0.2047597752297503,0.03994547562884402,0.06621538271651078,0.09625317872765189,0.027097428580978453,0.059552645346369136
25232,0.49416442206987676,0.052584525457709544,0.19014427567779713,0.01409703661480819,0.029032353841834762,0.020824914690714128,0.024973202924112814,0.1741792687231467
15502,0.8088450259579615,0.018611549630063843,0.06462704438899895,0.014185940184573037,0.016930763121472674,0.024797034952909427,0.00997155502496754,0.04203108673905304
19844,0.24537259447183657,0.18779115281622474,0.2884033175269282,0.03745196534187902,0.08150176561844871,0.0707180287829063,0.028520355648016426,0.06024081979376007
18653,0.18744454810500327,0.02799283305829282,0.6241398289140493,0.02430914423936045,0.04555752410155409,0.025175285056687292,0.017980718118848178,0.047400118406204575
4301,0.09502444166434977,0.25708971886270254,0.06541142598702455,0.06286256017547871,0.025498515324147982,0.11139042774353072,0.01957093543346048,0.36315197480930533
7442,0.12098924099230038,0.07396855118779577,0.36704920091505666,0.05112163925876854,0.19651354337117014,0.07039889374224487,0.020248049324019225,0.09971088120864434
20280,0.6102723233489019,0.03525576039809782,0.06354371919097372,0.02164941930150381,0.0239480904679226,0.04634135972632837,0.012097290919912029,0.18689203664635962
16866,0.2384637068268001,0.07506611650098972,0.32981634939095894,0.04411529385341342,0.04685984721351532,0.05635996307375803,0.021003736161133706,0.18831498697943086
6461,0.30422408896598974,0.03813252246403636,0.4113211761349599,0.010810655254660316,0.029603218926971046,0.03314657047767478,0.0330312191812901,0.1397305485944178
8166,0.17254045264592272,0.06067350066158247,0.6115261970556567,0.007060885264594704,0.024454085934448824,0.011369398341581656,0.022149333484771955,0.09022614661144092
10390,0.5527478440226404,0.04650226351339917,0.14465545327048834,0.051773422367255434,0.02865719408440906,0.09125763205824815,0.016873029773316475,0.06753316091024301
22095,0.1876776543897092,0.06482237797955057,0.5667248740872928,0.019898611915315834,0.038758468287506447,0.04551729476520803,0.019011478371125896,0.05758924020429139
24640,0.06570237530947044,0.5145152439369203,0.13831831093840216,0.009743218319889746,0.019554287378353314,0.014288732186493921,0.013837648958196535,0.22404018297227368
24001,0.03325303847380878,0.01217099830124338,0.01972246720355105,0.005421927313029624,0.007114822644242378,0.00697359956352414,0.004371309663649025,0.9109718368369518
21211,0.289216928111443,0.17063734859634255,0.24041275599627934,0.011818827724243993,0.03102437515910482,0.023322895327576153,0.043380853652693924,0.19018601543231634
15052,0.38274795137787415,0.10343988687201712,0.11014432216346867,0.049245212621304164,0.032218576310694025,0.21980727709694328,0.01898378137787481,0.0834129921798238
18884,0.41878800812848227,0.06014315114746104,0.27620040585758754,0.02864447993598597,0.03245314255215967,0.04053442605163741,0.02188040968703148,0.12135597663965457
15944,0.5307219940730288,0.053398456965234674,0.12761223717292147,0.02310003323321361,0.028240482512473932,0.08793805681036897,0.018998520041554535,0.12999021919120396
15267,0.30439245229374634,0.059487399620717224,0.09588566398183317,0.03756940469205853,0.032452426094461924,0.4179116488971102,0.01412770527493202,0.038173299145140505
18620,0.6540062421023425,0.02736519882433208,0.1693839160694877,0.04647434829156122,0.02166268719845353,0.033851449747801875,0.013589238361036335,0.03366691940498479
11754,0.2965969764958759,0.07229451451590002,0.39853351068034426,0.017184651734546714,0.03164790057658387,0.03209282406797856,0.02594372032697763,0.12570590160179299
17346,0.4362928176353556,0.07359132714900753,0.17089933672885854,0.029927486263885358,0.04527385355874074,0.1390369598521727,0.017900724962804346,0.08707749384917518
16845,0.2346026034265279,0.0517849239009314,0.05643973575266327,0.021079672679265842,0.04343897278001282,0.546131042136618,0.010617241813862054,0.035905807510118785
13326,0.4558552267557976,0.10185955888202883,0.14408535441759604,0.03822300750120613,0.062320616764138574,0.0822101984230029,0.0217791830211575,0.09366685423507243
12083,0.5857327878971336,0.037132551701609715,0.14025241613022593,0.022543699854412236,0.022450364647089195,0.03444811163285865,0.022675134770951337,0.13476493336571943
11926,0.017955849255049984,0.01949239982299062,0.01858172283146354,0.006852478972369623,0.006391580419968073,0.008020697316195435,0.0039165769127479785,0.9187886944692146
23745,0.3680897037926618,0.04839937959285872,0.12747648517787744,0.04213652759148638,0.03733565307054737,0.2582804707547226,0.02097968814373186,0.09730209187611381
17892,0.28445716060240717,0.10305170190914141,0.25484052606253005,0.023082209684130793,0.028267745600791882,0.08191672298872649,0.054583225111913415,0.16980070804035874
27100,0.18906389475228566,0.14161129135881034,0.3524014379247044,0.04136112967790013,0.062314131026391356,0.09557156918839507,0.02560633455878265,0.09207021151273051
18307,0.1698331589398827,0.16015198241962303,0.2642643891067603,0.024516931563180258,0.05426765728864358,0.06120206856251035,0.028113974599877023,0.23764983751952262
11746,0.12975960904094916,0.14252889834538035,0.048835687315235306,0.03397732210048938,0.032494635548796266,0.5630602694456341,0.009833618984416034,0.039509959219099375
21156,0.606654078735278,0.03504529883083605,0.12338875436037797,0.1084968127525157,0.021937072458524786,0.06500502940640554,0.013565024717629087,0.02590792873843295
21263,0.09965308283753936,0.03151975794837291,0.7809464622903731,0.018116458388459645,0.01919065897314043,0.015153644182685246,0.010750058138957462,0.02466987724047193
21099,0.8823898714622338,0.012908246401290584,0.03359599505937238,0.009180890996603883,0.010276600472894493,0.0184438244879751,0.007936002739200637,0.025268568380429193
9455,0.13667710952509973,0.03997789917514312,0.08512382962159777,0.39212526184740804,0.031044366848735874,0.2222681861347577,0.019594767767308886,0.07318857907994886
23390,0.4608737682998925,0.06126461391472154,0.18840406947179508,0.0334746963552828,0.03829741931478333,0.0782459955987642,0.05018955264778871,0.08924988439697187
19517,0.23565892471527236,0.09352330298643656,0.12332795659328555,0.21710860359922138,0.06540604823738812,0.08238715680491748,0.02406288853450413,0.15852511852897444
5036,0.19148048370803558,0.04286982360707672,0.6189215571661555,0.015842604599013405,0.03207121372147809,0.03183536900898591,0.02202002342166321,0.044958924767591765
21500,0.4200766955304281,0.055009333853976036,0.2958041201277411,0.03982281779377499,0.038279699551837826,0.06353640306971915,0.03345350006925594,0.054017430003266725
17857,0.12606046611122246,0.12079928273236978,0.5529450838740847,0.016925458596078684,0.03206206399160751,0.038834470967683624,0.012920842854953282,0.09945233087199992
7822,0.2694459844283193,0.09023558558189922,0.247984061984083,0.09739377107296818,0.048741124804253896,0.11492575554828958,0.02210359654334553,0.10917012003684133
9671,0.25604738023638646,0.09653119372442003,0.4844156228205456,0.009015123591471386,0.037207372779430474,0.021611304020640702,0.028570760629346683,0.06660124219775872
17042,0.483732537982421,0.0530800432701938,0.1326081977636771,0.009796319346535281,0.028911490743216653,0.017496682135289727,0.031052838514266816,0.24332189024439957
23033,0.5757628844057355,0.05310588021846077,0.17657031854980818,0.02375546259806171,0.032822514683885945,0.04216744766413423,0.024568241010482123,0.07124725086943154
17625,0.011973372394133977,0.00962069790966083,0.020097170854665367,0.004266550918078605,0.004764205258694803,0.006163498776709334,0.003524726948001963,0.9395897769400549
13690,0.2683824456016286,0.050220154264223535,0.3674680265805274,0.023829497490501297,0.035310564475935995,0.13700900403975452,0.011978900947980818,0.10580140659944788
26712,0.3659009458625499,0.06544048971388972,0.13603640655773494,0.041751926610630014,0.05658097874525429,0.22687139457144678,0.016662870669595382,0.09075498726889898
9505,0.6880301999717164,0.033368366501929564,0.11025855024320066,0.02515684159417994,0.024846893160483868,0.05170698249109738,0.021284330150860575,0.045347835886531476
27842,0.16649869079438728,0.12763434510464203,0.2784558644809949,0.051278155238546314,0.03450194495741589,0.18659902099990028,0.027929305118923057,0.12710267330519018
20969,0.2748093212625449,0.07347918234122776,0.24610671323718744,0.0396968550947747,0.039274775537492694,0.19334996747132796,0.02512241344652995,0.10816077160891462
16608,0.13392835533682357,0.08521498138207581,0.37133914295706555,0.05333348089109521,0.030020508887386988,0.0678522242324389,0.022122570900692046,0.2361887354124219
5447,0.1388845075110681,0.05941531307441345,0.609074969375858,0.021154963348219685,0.037612033955376746,0.029922534889428806,0.01741025325308188,0.08652542459255334
15842,0.3296330444743352,0.0983349376553726,0.2020952678197133,0.058946870022590594,0.027099700511482482,0.04149768989382774,0.01801370187014263,0.22437878775253542
15978,0.1309472778905199,0.0726740731550512,0.286964116818968,0.2297470335691779,0.056131543638319896,0.11047602658041294,0.028282989911042306,0.08477693843650784
10594,0.16465844991566433,0.04589367528521784,0.6846201132607389,0.010317571910670278,0.018086513991013024,0.015213075748712855,0.012658678073580832,0.04855192181440177
4107,0.401933437647478,0.08272784598458378,0.11665563920616158,0.014816470849784383,0.02383925550364053,0.02882139947700981,0.02556432001687295,0.3056416313144688
4689,0.04109978130994336,0.028983450266006846,0.8317955210574424,0.012272958570854624,0.04275582626382168,0.013400025956899368,0.008811896281806241,0.020880540293225384
13986,0.4827119880735609,0.02966760663844004,0.2727182948755247,0.042072406132935995,0.02185861669422638,0.032629321045306844,0.01646507201448029,0.10187669452552484
9844,0.31109071429910956,0.11698214854967945,0.11901219322658939,0.05179532275524507,0.02790059524893715,0.23047722137408505,0.02302761530785195,0.1197141892385024
20376,0.7593805255505478,0.016699473727124856,0.11196253833739568,0.0102510965366838,0.016054924961377746,0.019269955122562094,0.013833922356249967,0.052547563408058016
2881,0.5428829182838218,0.055549833367461623,0.14759417066808103,0.0412824308789599,0.043470626852456784,0.042311781552644624,0.020243016309159576,0.1066652220874145
20999,0.090313648060212,0.21516906285135573,0.0369926779659374,0.03054692198951068,0.017254854342339167,0.13110783906267298,0.009977532594491263,0.46863746313348065
1448,0.6605701642658124,0.03399375968198444,0.19087090377817537,0.010423992359485991,0.019960172723262424,0.022057196981365983,0.020665462680117378,0.041458347529796
2274,0.42654535281793726,0.046379304378651634,0.12648985564830195,0.08183435988615304,0.03918215442844975,0.03446810996641453,0.018164980685552563,0.2269358821885393
26885,0.22744630115943903,0.2189036774472184,0.19782451176964005,0.052150399835675626,0.03843109570327764,0.046246503395186635,0.026156044403540652,0.19284146628602195
25051,0.5905228490620018,0.030777285363096766,0.1981916856349153,0.019977134144027773,0.042770315076220936,0.02686238145195719,0.023898921764114168,0.06699942750366607
6880,0.04777158823637888,0.05640770417011111,0.06852911349411649,0.018945201899305784,0.02044582245117777,0.7538632203099542,0.010349669172140412,0.023687680266815316
20119,0.2816657160670974,0.09216786661536998,0.2531269801472349,0.07615181322722303,0.03155631118326413,0.14419184529444673,0.03291200892220136,0.08822745854316243
22759,0.8221392111066083,0.009487002567166147,0.08139449652382987,0.006647468035953646,0.009264768152447603,0.011467827597679869,0.008563369809152907,0.05103585620716164
14467,0.11646083696409322,0.06595489379479444,0.1543126494865383,0.4505153334922683,0.037228521412457805,0.12218920118156958,0.013603323718506834,0.039735239949771586
12429,0.03210623197455019,0.01686804343891095,0.8792899275793737,0.012061348358848954,0.01139969527609125,0.011135435614816518,0.006650048620054385,0.03048926913735414
5621,0.2498606448959199,0.16594758378885036,0.21902718882466013,0.02482023611758595,0.028207902504542685,0.12051429217438321,0.0625115130624081,0.1291106386316497
21237,0.46126092023848514,0.0625328175573336,0.12129694510697593,0.028187096260224857,0.026810094795656696,0.09607298094323716,0.02101590501059065,0.18282324008749581
3127,0.6452445966275122,0.04530292484551829,0.06917212225285073,0.026371463502708244,0.03481427357471597,0.07766424971792618,0.01376426863024716,0.08766610084852115
6547,0.09526527762599327,0.06986263662422762,0.6200520860438604,0.02427652060891958,0.05759300315872813,0.02803664980255139,0.04533280811324393,0.05958101802247567
26807,0.07082481572425209,0.0341407113303364,0.5682343595472387,0.019573259195053243,0.030511457339758897,0.22097991773921732,0.014104013502749176,0.04163146562139419
12126,0.4312537557137761,0.0561794083524684,0.22485888643317126,0.03127540884244106,0.03383967609009861,0.04323215161788438,0.03290687215606367,0.1464538407940965
40,0.1751842017467515,0.41125627018330413,0.0887378346844923,0.04272649659402174,0.03120568508367283,0.14071523778221287,0.022272959533683183,0.08790131439186158
2099,0.4081026874513641,0.04710028729913198,0.33745742560099806,0.02000619836430456,0.02322820742031631,0.03796345115154581,0.02331734083463305,0.10282440187770613
20067,0.3073963591423932,0.09642981923503556,0.37576131664529644,0.026795245872109442,0.04306967920162282,0.054666149711999075,0.02321234546507719,0.07266908472646633
7297,0.019752457898727555,0.017463601729764678,0.03157476587879466,0.006550248146498,0.007510247614880327,0.009275851787865384,0.005026680402249839,0.9028461465412196
26029,0.24268373714042957,0.04081739133516875,0.5250882156509075,0.04197064908774041,0.018851802999038186,0.035116701958475285,0.019748883049576803,0.07572261877866342
8,0.4204254264382129,0.07063511122971448,0.1824972504839379,0.03118952722133533,0.03205998700216624,0.1494753640842383,0.025174106207840732,0.0885432273325542
25798,0.19058175344515071,0.10661629902526487,0.4111503182368767,0.05435720578679872,0.06443608277069901,0.05247401090799948,0.019923924799892554,0.10046040502731801
9281,0.8923328899050076,0.006523886971105512,0.031455467785401654,0.005304959851035586,0.005903375927338222,0.005879171790891699,0.007091753153264567,0.04550849461595509
25473,0.1748815387771962,0.06876968467636503,0.48682107838540795,0.02923528234750821,0.04203509250411286,0.06417595380503258,0.05500122364812111,0.07908014585625615
8536,0.09090174222168937,0.02310911667945827,0.7587877634548277,0.018598231535428753,0.03187608284762631,0.026675649752645966,0.011357363524824731,0.038694049983498915
25381,0.13315404800457856,0.06821739258741814,0.12068240809204105,0.0372666721083063,0.03337209072261997,0.47531471341185827,0.01723551317977038,0.11475716189340715
10440,0.06627899478642552,0.6528940574959488,0.07145393657681182,0.01634709439317332,0.027205156505499213,0.06633468508641056,0.008745747627151754,0.09074032752857908
10536,0.2032296180655162,0.0783104437228095,0.3483282573240422,0.0967590471549242,0.048505347537790386,0.11303109871722895,0.0219268707935784,0.08990931668411004
25033,0.09326749880030838,0.19491749709591166,0.13231731245202408,0.06709004344921868,0.03335189552483388,0.14655029363679128,0.03303070026640226,0.2994747587745098
21090,0.12456434784677237,0.03754013004249075,0.7250506894759827,0.010944451973200835,0.029917459784125782,0.025495442808358477,0.016703433585022964,0.02978404448404612
16995,0.5151134190664546,0.03637269657114118,0.2954734350421935,0.015088672412442381,0.025457927511422698,0.02266124187295669,0.0317243262807486,0.058108281242640475
26899,0.12086385043963112,0.06781781767356933,0.480130381071383,0.08705327954480564,0.052407675796217676,0.09211624831748608,0.0314085300622518,0.0682022170946554
27129,0.6874077692259175,0.04466117113575289,0.1329430537700678,0.02560246019045498,0.023404846831171163,0.027126906407380188,0.013130636182259351,0.04572315625699611
13621,0.31057000316792177,0.1103847241487794,0.13050898909289113,0.05465976015929978,0.02850153337876673,0.1357742348016382,0.02294966766556212,0.20665108758514084
3215,0.33466485048361433,0.11975814433311598,0.12511677285921427,0.10356595894305475,0.03834838219222155,0.1940954639984296,0.021262376199891114,0.0631880509904584
25585,0.49876864387956066,0.04518198452677471,0.2246779947039839,0.05615635906368181,0.04296344319416187,0.0504340385183958,0.020159778192817255,0.061657757920623946
11484,0.19336337430901027,0.04537658320997741,0.53521315015168,0.02266420966865175,0.07672946641863893,0.04666504853619672,0.024539510147955156,0.055448657557889684
10213,0.2447616059554154,0.11575100540614856,0.42247423127929595,0.009637854065505975,0.03430133545957949,0.0151176875929208,0.02789899728306956,0.13005728295806432
10976,0.6474770128577302,0.058688223096044934,0.0994449103308688,0.036244667247641055,0.03707878293578798,0.044648906388570844,0.015087863737105377,0.06132963340625079
20528,0.1871028149026407,0.29561620606192096,0.30323524308115946,0.018674103868627955,0.028979094647291655,0.024135626544558,0.026083131804592402,0.11617377908920891
9565,0.8915102805049204,0.007414363678348266,0.04703608466115259,0.011192296789627729,0.012139233086695954,0.010773958157241303,0.007164203826541494,0.012769579295472231
12254,0.12012475689171127,0.051624089094854386,0.2681875750375308,0.023330459635095564,0.03761756839114087,0.40770459060154074,0.02356193587263878,0.06784902447548743
18399,0.35333271634220026,0.095326228035983,0.2508281751017785,0.027457644546416284,0.033970927271656806,0.07583121991609901,0.012572768392353996,0.1506803203935121
23578,0.5838676208141163,0.0752274457963758,0.08642290921719813,0.018051821962348558,0.032286903767827946,0.08807018058575902,0.018932312521630888,0.09714080533474326
66,0.3628382653374119,0.07685563947279106,0.26443836120272685,0.04519803887649841,0.03957584548869887,0.07770878612097813,0.03161928673300903,0.10176577676788587
18029,0.12552483344464443,0.1254352331222493,0.33149745228893746,0.032757056066729365,0.07269741811456516,0.17225343721074238,0.013578885884609378,0.1262556838675225
11884,0.3144930241496674,0.06681809961448446,0.19261168056244116,0.037299898323994995,0.13777178713235175,0.06842028790977402,0.019710843731077267,0.162874378576209
1947,0.1699327233591228,0.0365664850596313,0.23436632184010062,0.015362525503299078,0.028834767211151326,0.47716754760979424,0.016185687003224546,0.021583942413675988
24183,0.3497203368312742,0.03604009176591422,0.4734210162251748,0.024928765971352254,0.03356838978478442,0.035559253310053565,0.01929483535377986,0.027467310757666747
24305,0.1959519748809109,0.037402230368449876,0.1312393474690167,0.022297605869211357,0.03720081870337192,0.03131686342114902,0.01630786877463812,0.5282832905132522
1376,0.16359834434852932,0.0777166411306544,0.29556426593851515,0.03570850048816695,0.031674024692000244,0.32767920684376034,0.025597273892337666,0.042461742666035945
7365,0.17461895245067127,0.05655120052529397,0.4889772246824399,0.025457941846569243,0.03656062402523025,0.13691286286337206,0.028655490317277824,0.052265703289145364
7654,0.6566765541238256,0.02011472607383769,0.22263994662458095,0.012748318178765372,0.018913974812192674,0.027280303018878183,0.015326112032589765,0.026300065135329752
22769,0.2603521612210031,0.28008664706661324,0.07949634888886094,0.03693314476701438,0.03606403453762129,0.1405594647585801,0.02621133156219991,0.14029686719810716
12739,0.3909698174111906,0.09796363168010552,0.19633841252224662,0.04863483430309395,0.02600371082792972,0.07181363754566647,0.03898536612177052,0.12929058958799652
24824,0.11600731799793411,0.06448104572536231,0.6935629205079421,0.018065696705544386,0.021741283524630856,0.033474790714902114,0.01657758342836391,0.0360893613953203
16688,0.08822357694930942,0.05959545049628121,0.6906865844928495,0.012599476844222707,0.026149063456151686,0.02897132916892569,0.01806111060733596,0.07571340798492385
20734,0.7732758059018354,0.02727471429246337,0.06412997841073988,0.02219213013344305,0.02353760690441163,0.03031841437428821,0.018693000615244,0.04057834936757443
15812,0.0561187361311427,0.07722024548689754,0.6626403071626786,0.030201590519534586,0.02819907135666789,0.04318203923204133,0.03307186429261453,0.06936614581842276
20941,0.36903097338795315,0.056007084584428504,0.23708311504977195,0.031291168357413246,0.04508006681590037,0.035062832049438046,0.027891240669070352,0.19855351908602445
10826,0.11962835694811853,0.24670432345146437,0.23621710939371499,0.03830600136711545,0.03480188189192735,0.11828515058286344,0.028698130312198613,0.17735904605259734
11384,0.29988043412246645,0.07269500484215304,0.15289491762395166,0.060781823064485596,0.05490332710297855,0.24570967989666873,0.020214850592908982,0.09291996275438706
14684,0.017665755914286898,0.010554797552554049,0.02155141707053277,0.00494362798825697,0.006690260963586182,0.006502788019187046,0.004322210301262591,0.9277691421903337
15538,0.11631379037157893,0.07423115138567808,0.46275466306214924,0.035975628604631084,0.19311378756976033,0.05885122326657974,0.017114424673439196,0.04164533106618349
4786,0.09197340932153784,0.07044118605618625,0.4495072707301051,0.05147123016551141,0.03583011508637004,0.20237289252122445,0.03278976113670249,0.06561413498236238
24572,0.782399538845919,0.012294563259049188,0.0960363238429717,0.00833546830088912,0.00887420367253165,0.01381972444434778,0.009382104474551617,0.06885807315974006
25838,0.36658278954472223,0.05864201491301561,0.34545227449288773,0.041377428897740785,0.04063452653123967,0.04693988543577803,0.03621895540592417,0.06415212477869171
7387,0.3726459596319062,0.05120633422232553,0.2770128767013727,0.022442746594761892,0.034395890788716015,0.038333815677208886,0.025453381267868558,0.17850899511584023
20599,0.07387326452332835,0.24993769371530464,0.09040834375068349,0.09643223565188312,0.03153218440354245,0.08246218103313958,0.03418965533990734,0.34116444158221104
14908,0.07340871416903387,0.19617558295088125,0.03579201790593603,0.02817349382336198,0.01507281998098742,0.5886078567766969,0.012318152192493409,0.05045136220060911
14518,0.32940660382695636,0.07547152216083354,0.2585852918998953,0.051767997815118816,0.035931524466429915,0.054040438196912594,0.10714205621507379,0.08765456541877956
24606,0.07278797939759041,0.028203038498032962,0.7629844579992396,0.014489430400506133,0.05179597094970771,0.02234742356491831,0.012192550439159526,0.03519914875084514
2365,0.03719854193036035,0.01822110939992855,0.036884273130091946,0.01034707868091856,0.008703868949746587,0.012125300004181463,0.006905621123717478,0.869614206781055
18874,0.2767964150512469,0.0468204021273692,0.46633927065227104,0.04328020846722234,0.0272807443307362,0.03881194720320633,0.018709483680730863,0.08196152848721705
24941,0.24525063890745633,0.09153186057987842,0.238589356868071,0.16185085619962633,0.038351175440503156,0.09668201550858707,0.022367264813318743,0.10537683168255896
19413,0.5707191178722929,0.05866292521871483,0.24158738798686652,0.015342409682852142,0.01892592738632153,0.0252070309222163,0.01898703169056418,0.05056816924017154
4269,0.2037241718697156,0.09676070608413961,0.4859701301377673,0.020491471208547607,0.029263845040476116,0.04131152078343339,0.01643047475965907,0.10604768011626137
21316,0.24174161371873665,0.21277866657143335,0.03390681357801695,0.04379619466840076,0.02408674591588159,0.22409690631505227,0.014991698727036503,0.20460136050544192
7551,0.17891569402935759,0.08008161755260124,0.1518400769510806,0.16735792253513673,0.04464238295139347,0.2733987565241058,0.025779757512597114,0.07798379194372733
20992,0.09667458439640896,0.2613630227519981,0.3233514434145199,0.05303874881726276,0.047637051265276426,0.051805249231404615,0.019340425493412233,0.14678947462971692
11490,0.24753930174037528,0.08631150799354265,0.3379623316787703,0.04326072001246592,0.05370218973961002,0.11148121951256781,0.023184436519249157,0.09655829280341892
2722,0.3101903306080475,0.03981090821533213,0.2722313759833931,0.040866709597784726,0.04166927035499057,0.1911926445729345,0.024226416809547825,0.07981234385796962
14245,0.7764897098420733,0.015985989419153378,0.062462211435726805,0.06564508301541912,0.015729242775211566,0.03579004858657672,0.0100435863688438,0.01785412855699539
11534,0.35333271634220026,0.095326228035983,0.2508281751017785,0.027457644546416284,0.033970927271656806,0.07583121991609901,0.012572768392353996,0.1506803203935121
3004,0.16243013168740056,0.1517685952558486,0.3487622446402755,0.015263803827486558,0.03590947324340926,0.02751421377208919,0.01954796874290733,0.23880356883058304
8990,0.3958293062572566,0.061107936118962244,0.28716310507785525,0.027476493366037108,0.029454511231687363,0.0319610359841999,0.024139619371954215,0.14286799259204724
16635,0.102676491731171,0.14451165713090816,0.42815017880256434,0.029823662336799905,0.029707832923216163,0.1301327021123595,0.017818836540729317,0.11717863842225155
23285,0.26805324571730266,0.02402281454712246,0.5494663318193893,0.01727238696458504,0.04750607452228991,0.028364971814528808,0.013660345409726127,0.051653829205055554
15118,0.5501165170992923,0.030156120850926175,0.2298597460660838,0.07040625807423223,0.02893935080394944,0.0301331391198486,0.02125580919876379,0.039133058786903686
12163,0.4535321606767893,0.05358453754773044,0.23556750838800689,0.036187792863930625,0.033126496880295855,0.11100152588184696,0.017603447915916046,0.05939652984548387
14178,0.2044763178946164,0.04777318083746278,0.5779760974125493,0.02706812904422398,0.03749154540518442,0.022204745743868458,0.043226666611702665,0.039783317050392085
5707,0.3296330444743352,0.0983349376553726,0.2020952678197133,0.058946870022590594,0.027099700511482482,0.04149768989382774,0.01801370187014263,0.22437878775253542
3880,0.027039720300861575,0.01622744966140698,0.02753955263359446,0.008348888935599857,0.007794894147728203,0.010330280447090459,0.005836716862810062,0.8968824970109082
7360,0.5348029313699283,0.049211734264254375,0.19678252453931375,0.032013612074025144,0.027219675032181187,0.0511164353013889,0.026695210976978963,0.08215787644192937
20308,0.43110728467052456,0.06537955925573655,0.08334177248100397,0.03000347612911589,0.04371759976551405,0.2615223122275552,0.017217957070946775,0.06771003839960314
2150,0.1015173133038675,0.04475161675378843,0.7083783064174973,0.014167297389091019,0.036158127906389184,0.05540564934324236,0.01427311951723132,0.025348569368892848
14299,0.09039883292509704,0.07217615126988072,0.6510948147786504,0.014687381134454638,0.026126668861376087,0.03356756203336121,0.010877771720003681,0.10107081727717629
4804,0.7017961521990036,0.03833624326582379,0.12286914119830132,0.018773885122350488,0.026963474083093887,0.04218200976655334,0.013008100195638169,0.03607099416923536
25705,0.19023359211767193,0.10706858225051846,0.46128540748001917,0.019116248649417404,0.02845347012703381,0.043782936630635455,0.02742517580744515,0.12263458693725866
7058,0.08623423421866744,0.39662811654015573,0.21902479629361363,0.03417853690191975,0.024399483309963277,0.12661884574002336,0.019884164851532077,0.09303182214412467
6623,0.12096270444106036,0.13334322910128016,0.4994640175512309,0.019600759582594798,0.03861091042433128,0.07274156183885364,0.018547138785582847,0.09672967827506598
19023,0.40240360115060825,0.07756980291790432,0.15998253848087496,0.057285893189211706,0.07159699480268443,0.07301841760197368,0.02089873906946776,0.137244012787275
15898,0.32864603691112937,0.04383009037537515,0.24468211688329625,0.04598259944928927,0.06705970195600616,0.16205596732465566,0.03012122560648194,0.07762226149376618
1172,0.3138524583984644,0.17316038306670647,0.17430871027743947,0.027581455512417113,0.029718900053166568,0.1034066515674956,0.05492216307500324,0.12304927804930714
10394,0.10383335944852072,0.059586484568552076,0.24256297578188918,0.02775908874657965,0.08216143383667193,0.04005272925107448,0.04178774817219854,0.40225618019451337
3465,0.8600930765520618,0.010422141450066593,0.027499030744754956,0.011492052058436128,0.010666571229980003,0.06689822875666772,0.0041060573046715,0.00882284190336131
25941,0.45871190074009943,0.03355855390685236,0.18982472126704325,0.03173707313042277,0.14074346767790247,0.05749389581729266,0.019619622252385466,0.06831076520800156
11151,0.19000597392182475,0.11474319136455069,0.13963608974655897,0.03413986591551834,0.03515467202782273,0.05012280009900715,0.02500503767313965,0.4111923692515777
18928,0.24223518863721866,0.12166100690138279,0.23468389828324457,0.03485041141501291,0.10397169837019986,0.08301257424189064,0.04023844555179325,0.13934677659925723
16631,0.3915861907990618,0.050077895728464536,0.16641865604614686,0.029120219137178258,0.03129236837991454,0.2337486896248474,0.018772904906953904,0.07898307537743272
17034,0.05008639693812781,0.03165386292001037,0.08520495625810308,0.016859658058984022,0.013984288260870024,0.02225207853185536,0.01093996335242196,0.7690187956796272
23631,0.41926537449353757,0.057241026429442496,0.2269142331587913,0.008848871873092334,0.03017232953497422,0.0190017528473813,0.03966000842358335,0.1988964032391974
21206,0.2665808265079461,0.07621655038699418,0.13068191496874676,0.1711165104986386,0.04753309609894927,0.1902600084371387,0.0297069926943878,0.08790410040719855
5172,0.21885399491604543,0.11187890326855558,0.14493711892953687,0.06627076303155749,0.049187366496702134,0.22023384082108227,0.024560642290389737,0.16407737024613067
14673,0.3199753415079027,0.07897727848796275,0.21441760748569552,0.03197383422084865,0.03604034446676412,0.04094449747420201,0.021443489186238333,0.256227607170386
17524,0.3419918546423363,0.07992404029832913,0.22631847266734453,0.01998834353535983,0.027987860721975018,0.038659241175865035,0.03128184255355138,0.2338483444052388
12201,0.4016470442154657,0.05532317507921967,0.12616485846978934,0.12396024697096758,0.07832294703743778,0.05503167398049872,0.018459601030092143,0.14109045321652905
3257,0.30381123137406635,0.10825046532334334,0.4202622161403169,0.012194160437260244,0.02824435929393617,0.016126061087461174,0.023904112993509353,0.08720739335010658
1210,0.0350545311169491,0.02276629009441891,0.02686849660193396,0.009763917051714349,0.01077979047983822,0.011425905073761197,0.0061655669226945865,0.8771755026586897
18120,0.20795440368967102,0.1734891772552251,0.2052202264831319,0.02980731926101255,0.03092945777639364,0.16030857845188887,0.07232499209835389,0.11996584498432292
12176,0.1709721380191448,0.20055139564487987,0.19086915973478544,0.05294381857523017,0.058242546206332534,0.17592214469581877,0.031085628002646807,0.11941316912116155
17196,0.34685469758857396,0.17249093849291408,0.20064095320537054,0.04478463278883779,0.04169275047511577,0.0671850226846725,0.029796191194130833,0.0965548135703847
14478,0.182344214887277,0.0888468451946391,0.49864200325373126,0.024353670776062666,0.040459636012907765,0.0762725775414456,0.0301575551072885,0.05892349722664792
333,0.6577226614098985,0.038188859742982924,0.14880652196869879,0.0218857896351607,0.02353113672842038,0.05525347500682776,0.014839699935218323,0.039771855572792586
10848,0.32350775527436587,0.0968487940920651,0.3155465591149553,0.03641452770950026,0.062055210666283195,0.09186395051479257,0.027592437251782995,0.046170765376254766
6723,0.8129530415031051,0.026391127071538872,0.04955947323144016,0.017558953154497434,0.014258876703971845,0.033287692234664476,0.010167537328781302,0.03582329877200091
4206,0.5464426910595156,0.04197626320058777,0.11707528512698727,0.017435214152611695,0.08125335676942204,0.10862963664223325,0.0175550658401348,0.06963248720850754
4474,0.13193577632745154,0.049135834360631354,0.5937228618463442,0.030985898239982435,0.035190257741945584,0.031758365072298206,0.024397426733337713,0.10287357967800903
4436,0.17294622509978175,0.34479083265200827,0.15476298157187376,0.03546134009920134,0.026619087359307403,0.06292264731244802,0.02428371031407178,0.17821317559130767
22854,0.16202001956966322,0.040701567049565915,0.6715771479301497,0.023575963907118833,0.018231532762724365,0.024778926653059995,0.01586651487856156,0.04324832724915642
10099,0.5589016000880299,0.044012457637297255,0.13987131590622165,0.03175584563201419,0.0295602541469976,0.07228861109342712,0.021982971124553854,0.10162694437145835
1549,0.3712223584669953,0.0739038204514288,0.18780643448607537,0.0416357716710058,0.04424210179897131,0.165757112991866,0.022833109531116478,0.09259929060254081
13245,0.22819835340538194,0.07475360771339766,0.21228696089668672,0.03130923639719508,0.06126283969068513,0.07308797625155533,0.03148674070199679,0.28761428494310126
25296,0.7085667813234764,0.014389632330516723,0.1409921583699545,0.009306177094541769,0.008393113623285708,0.01863365730245309,0.012138613352062757,0.08757986660370905
20701,0.45910133351302934,0.07548296888558852,0.09535603259040741,0.05063751305720064,0.04677679230175922,0.14753932551734955,0.021912526587493347,0.10319350754717208
3610,0.1740173104873745,0.38394627679203763,0.1340719786200636,0.02666829137666014,0.03989434393286277,0.05962119129368697,0.026621457742346553,0.1551591497549679
24771,0.2844228766256266,0.03992053541177816,0.21762338965146474,0.023785056670185326,0.036858194540518245,0.3221099092063514,0.022848329057037733,0.05243170883703777
10728,0.35333271634220026,0.095326228035983,0.2508281751017785,0.027457644546416284,0.033970927271656806,0.07583121991609901,0.012572768392353996,0.1506803203935121
11759,0.4648575177039926,0.06490571021173391,0.15950385177928944,0.023341059620685205,0.035686770519312426,0.038132660533152694,0.0434327458970207,0.17013968373481286
20937,0.08768864430406341,0.026035897220318436,0.37437832361602424,0.015506912324217446,0.0255461248681648,0.42226064939671804,0.012261600207553812,0.036321848062939845
22390,0.1069636521080957,0.029010608390991826,0.19171990372178424,0.01842663402823384,0.038019511212562,0.022768990371301492,0.012032492375491404,0.5810582077915395
150,0.7264451392942998,0.04395158773174617,0.047487150184751664,0.02014958834492283,0.02574792120278028,0.0795898929676465,0.010653929312759698,0.04597479096109308
5941,0.3369952179322745,0.07066131420899448,0.36902439452830316,0.012837553559605091,0.03551180373029759,0.02581771012172788,0.030221444560279517,0.11893056135851789
8512,0.747012847916961,0.0498358154108248,0.08422066192243245,0.015141541792975286,0.018122415881631968,0.02449562327348579,0.013918184937822743,0.04725290886386602
16527,0.16581988052793858,0.03970017677963216,0.5681964549938943,0.04608692676339388,0.031616116874222035,0.042914636021780604,0.019854340206619418,0.08581146783251907
23410,0.21723841803297023,0.37148092714436065,0.14849178793603512,0.028436853613074534,0.03515090191824252,0.0690442749436942,0.023313132300696583,0.10684370411092614
26988,0.41520928380149574,0.054399948852848316,0.320180500564123,0.026644107006372972,0.04563493365024866,0.07901804839443162,0.025667592557341676,0.03324558517313796
12898,0.2199077870421394,0.06851184512853534,0.3101762626192356,0.032109921704208524,0.12672325933068523,0.06926256836077718,0.028418910844007612,0.14488944497041115
206,0.31095522408721155,0.07561340318856534,0.26254846537351473,0.04425064599490352,0.02733024914572768,0.1974382243167256,0.02225347702831798,0.05961031086503364
3535,0.11493967741655557,0.26662681101329155,0.13896709885850803,0.03439096268968025,0.03294692274116202,0.14530087762472343,0.02200484577468185,0.24482280388139735
21048,0.06076560538872392,0.6407368675168682,0.045443710318081657,0.036753102339170084,0.01959455061258434,0.10574589259641115,0.014168064128263018,0.07679220709989756
15920,0.5428800209360445,0.06149972234376703,0.18569966530492132,0.03016675786302682,0.024869882374013833,0.061977366801335185,0.022793154099527757,0.07011343027736366
10075,0.4653656210075022,0.062357176358833116,0.16552645472001393,0.015263689130623478,0.0286904618480497,0.025078839694706496,0.0518839291563621,0.18583382808390914
16695,0.24658183070962908,0.0488589713922784,0.25290040711345185,0.037555656135525264,0.10257426607490103,0.06279835659207318,0.19273013886739465,0.05600037311474657
4688,0.7351228739318482,0.023422625554880797,0.10604625582667174,0.017388628214354867,0.026417592764782075,0.03494298933154941,0.03211181487352171,0.02454721950239135
937,0.1364875292512782,0.18644590185573073,0.3028679717704509,0.03555295947794304,0.043411857185096374,0.08563929836507485,0.027388072556462605,0.1822064095379633
4569,0.10907760401561464,0.08757010972762508,0.5387792294417013,0.045836835692034755,0.02764734649664203,0.09063391938952538,0.019951643675918812,0.08050331156093798
1527,0.3310879770523777,0.04866995577863442,0.3345350582968617,0.021368621980972738,0.03815849689562268,0.03850965673741351,0.026361161550290505,0.16130907170782685
5484,0.15290292341586864,0.05525077487104996,0.6009122507528915,0.02030436822843489,0.04574150491252107,0.029868078598516572,0.021477042895032286,0.07354305632568525
19117,0.07586255065488942,0.04024183702276256,0.08208506702206597,0.019846682843198196,0.016623869516478765,0.02826884650425255,0.012879023157528938,0.7241921232788235
25775,0.20140243530371596,0.0396938562589528,0.6287677258078784,0.008091855747176142,0.028777300493260265,0.013697298863796836,0.032691862606587845,0.04687766491863168
10172,0.32176691264428603,0.14053175118037264,0.313118634600962,0.014914099088122712,0.0422840110757288,0.025916262194875885,0.026935770397455757,0.11453255881819616
10602,0.738398983004888,0.028659540636507566,0.05738226683161316,0.01885244973499508,0.020265717892974218,0.07296086283986916,0.01040601737770295,0.053074161681449857
24750,0.26309093138420053,0.07830893745322809,0.4184221934923638,0.0437435402529764,0.08613354122680107,0.03842809257750036,0.025359191765831186,0.046513571847098575
11579,0.4451521959145788,0.054280061477659264,0.2378970908733257,0.06571268859249149,0.03761519134295983,0.08186948443852193,0.01979544998838227,0.057677837372080785
24331,0.2562792516670826,0.09643367772390943,0.33833813948744906,0.04510554637186191,0.06702721928636048,0.10262853342451242,0.02753040075194576,0.06665723128687849
20627,0.3296330444743352,0.0983349376553726,0.2020952678197133,0.058946870022590594,0.027099700511482482,0.04149768989382774,0.01801370187014263,0.22437878775253542
23714,0.7110819843542098,0.02158651103027748,0.17892958605833217,0.024757006669011313,0.013580287920851225,0.017053211975988268,0.013516489893091867,0.01949492209823797
17421,0.25606849122274683,0.05149667598807559,0.3792114105823953,0.049894441589778474,0.040061162706568905,0.08909862097769188,0.04223714875664788,0.0919320481760951
11620,0.5924358114686431,0.07277824412391232,0.1275738139293092,0.007753555804938555,0.025542062142096443,0.012731132754561414,0.021515437688321617,0.13966994208821729
4256,0.1955222152112999,0.06084638508042973,0.43162678070950317,0.040801599968180106,0.03151578302273742,0.12724383231870426,0.025157574411733902,0.08728582927741152
1505,0.5823452785682951,0.019316704736255193,0.2037115852112753,0.007549429802827753,0.011974936044077879,0.020932470573178548,0.021239518299018253,0.13293007676507207
10906,0.5672080588952311,0.061092306669228845,0.14048744933422563,0.026221827186617655,0.0367850724868959,0.09024117950898479,0.023422501284589396,0.054541604634226803
19250,0.5112521079320954,0.03944957104792564,0.1820711802657099,0.027129871501636864,0.030108736522641157,0.11828968321733802,0.016914398788078846,0.07478445072457424
13807,0.6460428336378015,0.03799991983394337,0.12320233603699571,0.02089632241204794,0.027933936210727654,0.0728740613085799,0.02458771667865961,0.0464628738812444
13445,0.2796570550955018,0.056987185232106,0.3556243538242469,0.019060486652124103,0.0355644249235962,0.14593925798149235,0.011575657440858526,0.09559157885007412
11923,0.6593355292719636,0.01845756001980599,0.225541919884045,0.034903779570962405,0.013367973828818323,0.018420730753424788,0.010303807576195954,0.01966869909478411
25487,0.09325855412024164,0.08223812799213556,0.5739900892184547,0.03653165505655517,0.03362695847949544,0.09934385650856817,0.01846717442951371,0.06254358419503561
4633,0.09411696870771477,0.05453752374184244,0.5832446396636076,0.018668542418257123,0.027569319660745023,0.033098187026923805,0.015186923247508267,0.17357789553340094
11964,0.15871070462691186,0.05598259530876907,0.56825393644102,0.02854784818358405,0.04570098341366747,0.060257304421392564,0.02429976409485727,0.05824686350979775
23331,0.02709885337611567,0.018876280999387048,0.027101956875718893,0.007834653852637131,0.006910303643907155,0.011048461819965213,0.004976543230981143,0.8961529462012877
572,0.17534565444117967,0.3094598069703182,0.30469077979855314,0.015475503120016646,0.02700351249014475,0.03124872352675284,0.02169774071956816,0.11507827893346652
27463,0.3296330444743352,0.0983349376553726,0.2020952678197133,0.058946870022590594,0.027099700511482482,0.04149768989382774,0.01801370187014263,0.22437878775253542
23384,0.7550721974255992,0.01647580994258394,0.10832491825901613,0.01786395278027611,0.028137382494134923,0.033510471840142865,0.022983954171308156,0.01763131308693882
25985,0.33777399199080943,0.030893391292878162,0.32821152418911004,0.030181096880478864,0.05576053162723582,0.11703443733017031,0.03686531830673474,0.06327970838258272
774,0.3860926398836065,0.056930155725373514,0.2103888888106813,0.03375895075795949,0.03624910981119866,0.09722245869061825,0.048557722878403244,0.13080007344215902
18545,0.07872524002702698,0.026734083284744234,0.8094145722218862,0.016749214880985495,0.013524249442809336,0.01446310540916865,0.008951407305100922,0.03143812742827821
19770,0.30161879996749336,0.05068506846348107,0.3488160655806842,0.025592134855788935,0.040250445795065384,0.1522450179610926,0.018193580594932167,0.06259888678146233
12519,0.013695311184331038,0.009109049994703064,0.014020173287772488,0.0039574738437449415,0.004499195778006914,0.005354755085085685,0.0026928019274532347,0.9466712388989028
26983,0.13053968010355574,0.098080095174825,0.10034605482996564,0.046123798251491537,0.03288147607094205,0.43388552069055375,0.015063455377015391,0.14307991950165078
24792,0.2250239774719762,0.17423122713973652,0.37580360535660373,0.025517544565421605,0.03165773637697693,0.0661853145232608,0.023747878841475365,0.07783271572454903
4911,0.1691064635678149,0.0936340693989077,0.3869060587515455,0.02693007590929764,0.10686941291799004,0.13386735665413982,0.0219789800935065,0.06070758270679798
15014,0.7040520203124815,0.022439008721063004,0.15816425554242872,0.02512588292723523,0.016712752380318305,0.032968092170539934,0.013677222745341852,0.02686076520059153
15155,0.12474241994313395,0.29508927669084156,0.18345648629423797,0.05028984647875261,0.05226093808534274,0.16889947967570507,0.024716048604536453,0.10054550422744968
6146,0.4923353014133377,0.0680663889980593,0.08003072319402764,0.032994726612509996,0.03179418053889891,0.19526032537980248,0.01513045099886836,0.08438790286449573
5193,0.3840258658573889,0.10635666474494415,0.20220816747046427,0.0335993784668492,0.029659943182700342,0.05283639763694026,0.014595042322070388,0.17671854031864245
22144,0.2152639509847958,0.11380073082125042,0.35196567834752523,0.04051132775743925,0.05087673597048587,0.05600434009427586,0.0394716643035119,0.13210557172071571
27244,0.05495308330917287,0.4067867460268663,0.04165243583854956,0.024894130216189747,0.024573614903593898,0.03279323080308809,0.012533473178609086,0.4018132857239305
5123,0.1003676542897136,0.0973062421406804,0.6291720104553173,0.026121082696087924,0.01820191233592182,0.04418792840897677,0.014456596971509581,0.07018657270179265
19734,0.3736947892845422,0.10310464154062042,0.17574810768945662,0.03528342159506776,0.05485866857029332,0.0416378392787403,0.15094081446131488,0.06473171757996453
14706,0.17713978755710721,0.14923050692726797,0.18784321537840076,0.09029201795202141,0.034383092800406446,0.21213667770833694,0.03823025472710879,0.11074444694935036
17951,0.5682585806356594,0.03710958749258126,0.18332613239593637,0.02689218053948153,0.03194495853328386,0.09238955989447162,0.019277514299332874,0.04080148620925316
8690,0.5428333535660885,0.06163104019646665,0.09927024365841534,0.025105304646657264,0.04693849250986362,0.06530759036426316,0.011479780291225658,0.14743419476701974
11718,0.4584425746397659,0.04434063586971044,0.1364282714952115,0.047028249108486464,0.04358682867203364,0.06001131838735201,0.022605677747857964,0.1875564440795821
21733,0.2045600759548497,0.07473975954414705,0.2577815627064922,0.03652225746491718,0.04763453597033964,0.05372752892651325,0.03793812777468688,0.287096151658054
4338,0.22115695153011317,0.030152631720446816,0.11936611636321948,0.01809515701960843,0.07414268846825053,0.024668910942418465,0.017515132343533312,0.49490241161240983
21613,0.341845038964445,0.03666484648441591,0.4650262216975921,0.028618622091694326,0.031705231582045586,0.037357843479372384,0.020644054299975144,0.03813814140045961
11006,0.11396875859091196,0.1928697538204206,0.1904649090096904,0.022313793916467522,0.03818028013585181,0.0678613951642796,0.018383121328988436,0.3559579880333896
12328,0.6829760283925893,0.028310722920864995,0.08100230259022637,0.02082615821827486,0.02257726435897153,0.027993239828850103,0.010318307310704275,0.12599597637951865
26604,0.7035954530499978,0.016489166009442276,0.17383227580543886,0.004916822856054861,0.010748275950213328,0.012499454898714188,0.014549517530863209,0.06336903389927546
24482,0.5905962475608884,0.0361942455970442,0.2633010137134881,0.007044188703716878,0.015059765059336653,0.014516960199267041,0.015091152404812623,0.05819642676144617
27907,0.4446233782266315,0.05155563443520353,0.13430209425268017,0.032931027285743576,0.028750518985608934,0.21878265494568827,0.018201637173089945,0.07085305469535413
7320,0.12956387621158044,0.4688592101471086,0.03180368076449356,0.016455862565754525,0.019597147924322208,0.05039843456155063,0.01695997305345344,0.26636181477173676
7909,0.15795026169210163,0.1505955312641195,0.22890642093005736,0.23830112699525435,0.04834788850918005,0.08366331020655338,0.026300685130863914,0.06593477527186985
5067,0.49574975759690326,0.06910118227102606,0.1959715717859911,0.03183164057303506,0.029360463586034575,0.06496420274345613,0.035878644593406096,0.07714253685014777
1949,0.1539555220999786,0.11271218485710459,0.36444169609168503,0.04119075807808242,0.03920195687573329,0.11587104767304127,0.08929174208736419,0.08333509223701065
120,0.16762345638532042,0.07396635217956242,0.37928535538741304,0.027761119992331933,0.07263229320197291,0.03904998712216293,0.04374077546769783,0.19594066026353837
8192,0.0759955538254448,0.3217518496627796,0.043497141970468015,0.020017401431326572,0.023365053916233183,0.4134914796402949,0.012783046317548308,0.08909847323590467
9089,0.0896725978650938,0.030910261795856604,0.7627463618543345,0.014228286470876777,0.03982547701128941,0.023397440926788658,0.009126547425468505,0.030093026650291656
14221,0.45875817088105636,0.07822481542378482,0.22373707827799105,0.03756037536931941,0.0380578277298714,0.06419560605493915,0.024290531864658467,0.0751755943983794
16411,0.4092856260648473,0.04427220158018438,0.1728260228515327,0.05009836908795983,0.03805439900839037,0.19676898367321038,0.015570785429625412,0.07312361230424957
6628,0.34113569725229226,0.19598277298917322,0.1111245594203,0.0317591384271116,0.027014754372427313,0.038684494480988665,0.022276269596300368,0.23202231346140656
13459,0.13354634267108356,0.15219556400643647,0.49288685793520853,0.025330820095586102,0.025806584347039113,0.09081843223606406,0.013192918675709627,0.0662224800328724
12564,0.12833432045844662,0.325590275707688,0.1762877840045755,0.017106589556467818,0.029458579054574805,0.022293291420223762,0.023528074604261026,0.2774010851937626
24809,0.08486896800988683,0.03246612648654245,0.05808887680127275,0.5597427560050582,0.023596601893511558,0.18974355098470996,0.012296238246258872,0.0391968815727594
24944,0.23216904772842067,0.3543794055880808,0.04149274078596388,0.026519416854245543,0.02654708404461235,0.09923719790990285,0.015842495790812847,0.20381261129796113
12280,0.4133665322152825,0.14793750264937258,0.20134438932406035,0.028404439682072246,0.04818717954386855,0.0466154416184379,0.029935933471687076,0.08420858149521888
17511,0.35333271634220026,0.095326228035983,0.2508281751017785,0.027457644546416284,0.033970927271656806,0.07583121991609901,0.012572768392353996,0.1506803203935121
11113,0.8397068857485919,0.01957326024017289,0.03508255004477484,0.01544567727807073,0.011120782274909096,0.043295451739167386,0.007823806471048996,0.027951586203264402
2605,0.2580584686563229,0.10570775558584607,0.2991706227393564,0.059096433082186046,0.041307405203732696,0.09369931396355734,0.030701698026104465,0.11225830274289425
17110,0.08895090659965811,0.3041205453985885,0.12527928804000615,0.04010114037688744,0.038909734493156066,0.14708106483742145,0.019359402619597416,0.23619791763468487
23846,0.3518872161095844,0.043363219156370154,0.11201210046183058,0.23976235062843135,0.03670035558756645,0.14712312123706736,0.024828609988653064,0.04432302683049667
13595,0.30243728069262976,0.07494743308089413,0.32869571669452075,0.04474361310545483,0.03219062946965187,0.12311578676435873,0.02327906439478154,0.07059047579770848
5515,0.08730626382740293,0.26017988240965134,0.19059214223140866,0.15577136910942568,0.039254593132248834,0.06358952995280265,0.03159672035101149,0.17170949898604843
10452,0.29504163780706677,0.06958377736956088,0.3564712818863366,0.030719408070554094,0.043550791378773136,0.052553802413101765,0.01979777711679818,0.13228152395780865
7812,0.11306809738158115,0.4196092247724016,0.11365350357901748,0.03603484815671704,0.022078722998846365,0.0901215452162217,0.03154500119770806,0.17388905669750654
5265,0.10374699233118106,0.03805997835274637,0.3934087001838997,0.03533758259629361,0.032360965205732534,0.32455000209173174,0.021190787211622902,0.05134499202679215
26875,0.2796570550955018,0.056987185232106,0.3556243538242469,0.019060486652124103,0.0355644249235962,0.14593925798149235,0.011575657440858526,0.09559157885007412
25189,0.2758248678380311,0.06731687184363737,0.20930664487295234,0.016310878164587338,0.03584146752796688,0.032436582759631495,0.028516248532932748,0.3344464384602606
26355,0.31137180881715504,0.061778141753616046,0.25131445241658873,0.06957661840924169,0.046844394607447035,0.10272919198808397,0.03297287466560327,0.12341251734226405
15547,0.3339179504337884,0.1395569677301185,0.1983505645795375,0.051105118629033254,0.03773580434311168,0.08888983502488437,0.019551474379217115,0.13089228488030924
9970,0.6600412902440072,0.030442208869107836,0.11913310025788428,0.019761474245062843,0.03139186933674269,0.04260230246801813,0.015209068822418488,0.08141868575675874
14433,0.11982839810917112,0.17184960771551822,0.16689388965733404,0.0389281953342895,0.029821333276285306,0.052152037886292246,0.02324529204389145,0.39728124597721826
13967,0.3148462554145156,0.09942575352321853,0.3640364221155947,0.02782646962221114,0.047301655774424,0.06047024759811417,0.0243958927845036,0.06169730316741826
3205,0.08791338119058373,0.061110395002735234,0.7338127191364561,0.013381015495492792,0.025239802923175722,0.028145912214849588,0.011835964560893225,0.03856080947581369
10717,0.1879873204218321,0.11680794189346104,0.13272631286288208,0.03433971886584377,0.04607123428924971,0.40172192224261866,0.015186088029382717,0.06515946139472995
2635,0.31313415022383423,0.14940708958551574,0.2304792984471574,0.036609749513831905,0.030791596720233884,0.07464980480890979,0.03584090089468578,0.12908740980583128
11065,0.5272275215735917,0.12891908538754004,0.04801269268018617,0.04708850744801385,0.02165217426508036,0.1450861283768492,0.0194380285830122,0.06257586168572654
22906,0.3810261869157699,0.07500429220806126,0.21869246731159617,0.04850917336670936,0.04341704259889986,0.1538282466564292,0.02039939951757529,0.05912319142495888
12459,0.23021270816731806,0.0543828743994268,0.546186722263414,0.028392863070232744,0.0375106462247055,0.030588962550811852,0.03213221257109239,0.04059301075299865
17605,0.2673374022690176,0.14199380983811127,0.1637290701314347,0.050568155148713205,0.038960306486973406,0.1743920401728495,0.027363771069043353,0.135655444883857
18995,0.48494760760329914,0.039145673017735264,0.33639171917088356,0.0195712876923525,0.018410118217309757,0.028275402497679025,0.01708879728897292,0.05616939451176763
27501,0.22128590333611523,0.05974275223170046,0.38007502896514744,0.035948628511818126,0.06229416086428343,0.16405892799569347,0.03042339728295089,0.04617120081229109
17300,0.17592921584899204,0.04425526132269648,0.5837250903217411,0.04139007588282225,0.020111883673468164,0.035536779402638344,0.022005746798561494,0.0770459467490802
16874,0.5069583851901627,0.039136240698136315,0.2206508973393816,0.03993646741950213,0.04537779316359814,0.043957980055088164,0.027554947329776754,0.07642728880435425
24529,0.18193117263620737,0.14995251549113764,0.3725617627829842,0.026964395257982988,0.11382340016232848,0.05149226147361858,0.03100470438785249,0.07226978780788822
813,0.2440715381045077,0.07662185234694992,0.2251020554392058,0.03610180375861395,0.027251849727894222,0.09202729758104616,0.0415141265740987,0.2573094764676835
14607,0.20922884876919498,0.07431411162669108,0.25249539873340743,0.09814723439452147,0.03692190361721154,0.07768653098865572,0.053846893402825155,0.1973590784674928
25810,0.0627008182862376,0.048972993492038625,0.08967112277902,0.018509078965929182,0.027260233045281565,0.7069326654074675,0.017007684095876406,0.028945403928149042
18396,0.32107188933320335,0.06386146079078915,0.22359486106647875,0.034231387031252176,0.04282255810517478,0.06327930402311194,0.023166548041014354,0.22797199160897558
8505,0.2773827428098593,0.13603229160128982,0.14304772211271502,0.050908326277469135,0.039246488671882906,0.12783063804175188,0.02610947890304177,0.1994423115819901
20721,0.25613915157642336,0.04641955273461636,0.5198002644718093,0.03430998106414314,0.0273744682284575,0.05704285937244883,0.01789542432670416,0.041018298225397355
8002,0.33665763872554616,0.04907705091678015,0.411610414733464,0.020741494205164565,0.056518020384794636,0.03035611576470579,0.026555223355547386,0.06848404191399722
2458,0.07722058442013707,0.4489120244110656,0.2307850840574947,0.024971377249205173,0.0415768775822877,0.0852278698175208,0.01798174265555192,0.07332443980673693
17761,0.6005954626891445,0.042779191771394824,0.11350570037863057,0.027353330515286354,0.022296201556344746,0.06956732995254084,0.016004346984661574,0.10789843615199655
1234,0.5951725295487105,0.034019992146729766,0.23628308225174935,0.02394112289010285,0.02087215469528531,0.0348983177808496,0.020746035798955266,0.03406676488761734
21407,0.5586240693625636,0.043289808760132734,0.2030642990978631,0.035774955031806555,0.03414303066466826,0.03904883470897556,0.017245023126313215,0.06880997924767708
3520,0.08498128866201098,0.025538688912892914,0.054813452833809326,0.4864011756366081,0.023214219931413954,0.2636869619412337,0.012494226441343338,0.048869985640687584
20893,0.15835744505481647,0.15954526319235401,0.3880294694085334,0.0508617718267696,0.038638459248834946,0.026764656522521073,0.025583686826579646,0.15221924791959093
20218,0.2076832244179774,0.17294648676825208,0.1782460978133216,0.04621466723276444,0.052025047532822846,0.09430148831045776,0.03342339736417067,0.21515959056023323
26275,0.10184953164609829,0.06693634200070307,0.3201169300017514,0.040195269931423604,0.28752162139367315,0.0984791486216435,0.017939171582022777,0.06696198482268424
10574,0.04877464026188032,0.014876569648425887,0.8917775043093376,0.008271517097913983,0.010887314865286046,0.007695643585712844,0.005902264307108954,0.011814545924334376
24600,0.2846580366710871,0.09756969083191164,0.34964683474030467,0.011610778278339303,0.025244682862287093,0.020462867448568553,0.01952452706022642,0.19128258210727517
1145,0.21412777452895115,0.09020287277159636,0.19716395645489804,0.0354971935865901,0.03570272926132733,0.06913319321970088,0.02737259581075554,0.33079968436618057
11125,0.2796570550955019,0.056987185232105976,0.3556243538242469,0.019060486652124103,0.0355644249235962,0.14593925798149235,0.011575657440858521,0.09559157885007412
21887,0.41043446665044303,0.09201732612924422,0.14540988674687225,0.14273368786687868,0.048074021553413344,0.06223544664446025,0.01789753988790519,0.08119762452078316
13030,0.1468954535319778,0.042909103014602754,0.2051799602981196,0.03584139423252657,0.02359903875306793,0.48977193683162945,0.016617295206271913,0.03918581813180387
26035,0.35333271634220026,0.095326228035983,0.2508281751017785,0.027457644546416284,0.033970927271656806,0.07583121991609901,0.012572768392353996,0.1506803203935121
821,0.04046237644820361,0.22757714746269458,0.03595338411200563,0.015494230307251068,0.012231173759553607,0.629505519898774,0.007951086499109049,0.030825081512408273
2462,0.410230827210139,0.12961040314462302,0.18693220682413197,0.01522075908635264,0.03113681352050127,0.036477817330259614,0.023634236456327885,0.1667569364276646
22449,0.09131807830102703,0.05384961871732938,0.4754497387399219,0.0219926479324774,0.02930707690460632,0.040729148998980176,0.016693654357919762,0.2706600360477381
1387,0.35333271634220026,0.095326228035983,0.2508281751017785,0.027457644546416284,0.033970927271656806,0.07583121991609901,0.012572768392353996,0.1506803203935121
22051,0.09103909688447039,0.1832745575153804,0.3065037928213546,0.03930845704322403,0.04371875506513385,0.12109341981354231,0.02707583137421326,0.18798608948268125
23783,0.199868959274294,0.0787221466881797,0.5040760729190181,0.02343091339051034,0.03780279458100757,0.07138384670768533,0.023887261424851952,0.06082800501445294
16792,0.664338072092487,0.03935803378268165,0.10846287248171688,0.02782626639514777,0.027623933678022013,0.0631321088344001,0.01941771424102289,0.049840998494521664
6584,0.3010613815233566,0.02402321817215276,0.5385716948766682,0.010223692162028019,0.021065913743246612,0.01686685037531527,0.01842088161015918,0.06976636753707338
13527,0.628628634621972,0.04032818993820605,0.16555144795250148,0.023428893781442986,0.022013525661772053,0.051248615261092485,0.01924789261586419,0.04955280016714852
434,0.060769168966554585,0.03862962944831695,0.05938217723473665,0.012042652210628021,0.024494292574496115,0.017158062424924746,0.009919507616675113,0.7776045095236678
